stwo witness-JIT: registered dynamic program component=call_opcode_abs instrs=252
stwo witness-JIT: registered dynamic program component=jump_opcode_rel instrs=192
stwo witness-JIT: registered dynamic program component=jump_opcode_double_deref instrs=246
stwo witness-JIT: registered dynamic program component=mul_opcode instrs=1955
stwo witness-JIT: registered dynamic program component=jnz_opcode_non_taken instrs=137
stwo witness-JIT: registered dynamic program component=blake_compress_opcode instrs=4843
stwo witness-JIT: registered dynamic program component=call_opcode_rel_imm instrs=237
stwo witness-JIT: registered dynamic program component=mul_opcode_small instrs=395
stwo witness-JIT: registered dynamic program component=ret_opcode instrs=168
stwo witness-JIT: registered dynamic program component=add_ap_opcode instrs=211
stwo witness-JIT: registered dynamic program component=assert_eq_opcode_imm instrs=112
stwo witness-JIT: registered dynamic program component=jump_opcode_rel_imm instrs=149
stwo witness-JIT: registered dynamic program component=jnz_opcode_taken instrs=318
stwo witness-JIT: registered dynamic program component=assert_eq_opcode instrs=151
stwo witness-JIT: registered dynamic program component=add_opcode instrs=483
stwo witness-JIT: registered dynamic program component=add_opcode_small instrs=428
stwo witness-JIT: registered dynamic program component=assert_eq_opcode_double_deref instrs=223
STWO_CUDA_STREAM_FANOUT: B2 engaged - witness lanes fanning out across 4 pool streams (fork/join bridged per lane)
stwo JIT: AOT pack hit kernel=stwo_jit_witness_3343f9826788070c key=f2d4eb1d843bd30f (embedded sm_90 cubin)
jit_prove[call_opcode_abs]: device witness 359 real rows (log_size 9) in 101.6 ms
stwo JIT: AOT pack hit kernel=stwo_jit_witness_c7457acb39874135 key=e2a113da6c12dbaf (embedded sm_90 cubin)
jit_prove[jump_opcode_rel]: device witness 903 real rows (log_size 10) in 108.4 ms
stwo JIT: AOT pack hit kernel=stwo_jit_witness_1ab1e90dff938797 key=eb01372078a125a5 (embedded sm_90 cubin)
stwo JIT: AOT pack hit kernel=stwo_jit_witness_a2cb569f891013bf key=8960ed0c4f5471f1 (embedded sm_90 cubin)
jit_prove[jnz_opcode_non_taken]: device witness 115005 real rows (log_size 17) in 119.6 ms
jit_prove[jump_opcode_double_deref]: device witness 358 real rows (log_size 9) in 121.3 ms
stwo JIT: AOT pack hit kernel=stwo_jit_witness_7db50b96e3fbaedb key=db5eefc5907d751e (embedded sm_90 cubin)
stwo JIT: AOT pack hit kernel=stwo_jit_witness_e17e872ded26ebd1 key=f4f9f2d99d1f754c (embedded sm_90 cubin)
stwo JIT: AOT pack hit kernel=stwo_jit_witness_a290ddc144ee416a key=a6039b6bff8b22ef (embedded sm_90 cubin)
jit_prove[assert_eq_opcode_imm]: device witness 478552 real rows (log_size 19) in 128.0 ms
stwo JIT: AOT pack hit kernel=stwo_jit_witness_d94540f2fd219001 key=0e3ee6a4b1a9e377 (embedded sm_90 cubin)
stwo JIT: AOT pack hit kernel=stwo_jit_witness_c4b01b327c2ce2a3 key=d6388950568aa2f2 (embedded sm_90 cubin)
stwo JIT: AOT pack hit kernel=stwo_jit_witness_ce0ddfc37a60580e key=8a9b635b3632951d (embedded sm_90 cubin)
jit_prove[ret_opcode]: device witness 258366 real rows (log_size 18) in 144.7 ms
jit_prove[jump_opcode_rel_imm]: device witness 356937 real rows (log_size 19) in 145.1 ms
stwo JIT: AOT pack hit kernel=stwo_jit_witness_06f670fcbec124d8 key=ac724c0d449fc233 (embedded sm_90 cubin)
jit_prove[call_opcode_rel_imm]: device witness 258007 real rows (log_size 18) in 148.7 ms
jit_prove[call_opcode_abs]: device mem count feed merged 2 families
stwo JIT: AOT pack hit kernel=stwo_jit_witness_d467876d34b895c1 key=84dc774d59dbf259 (embedded sm_90 cubin)
jit_prove[add_ap_opcode]: device witness 402083 real rows (log_size 19) in 152.6 ms
stwo JIT: AOT pack hit kernel=stwo_jit_witness_b37424b6011f268e key=5b26608f6340c08f (embedded sm_90 cubin)
jit_prove[jump_opcode_rel]: device mem count feed merged 2 families
stwo JIT: AOT pack hit kernel=stwo_jit_witness_643d6ea7402e00f9 key=cc48471aab297a13 (embedded sm_90 cubin)
jit_prove[assert_eq_opcode]: device witness 957056 real rows (log_size 20) in 184.4 ms
jit_prove[assert_eq_opcode_imm]: device mem count feed merged 1 families
jit_prove[jump_opcode_double_deref]: device mem count feed merged 2 families
jit_prove[jnz_opcode_non_taken]: device mem count feed merged 2 families
jit_prove[mul_opcode_small]: device witness 379774 real rows (log_size 19) in 200.5 ms
jit_prove[jump_opcode_rel_imm]: device mem count feed merged 2 families
stwo JIT: AOT pack hit kernel=stwo_jit_witness_b2fee5fd862cd589 key=8944d004f312cf06 (embedded sm_90 cubin)
jit_prove[jnz_opcode_taken]: device witness 569029 real rows (log_size 20) in 209.7 ms
jit_prove[ret_opcode]: device mem count feed merged 2 families
stwo JIT: AOT pack hit kernel=stwo_jit_witness_e1a1073e17a88ffa key=88f4119771434863 (embedded sm_90 cubin)
stwo JIT: AOT pack hit kernel=stwo_jit_witness_1535458b582bc8dc key=bdb4bcf37e519bb9 (embedded sm_90 cubin)
jit_prove[call_opcode_rel_imm]: device mem count feed merged 2 families
jit_prove[add_ap_opcode]: device count feed merged 5 relation families
jit_prove[assert_eq_opcode_double_deref]: device witness 1798509 real rows (log_size 21) in 246.5 ms
jit_prove[mul_opcode]: device witness 130858 real rows (log_size 17) in 250.0 ms
jit_prove[assert_eq_opcode]: device mem count feed merged 1 families
jit_prove[jnz_opcode_taken]: device mem count feed merged 2 families
jit_prove[mul_opcode_small]: device count feed merged 4 relation families
jit_prove[add_opcode_small]: device witness 1579491 real rows (log_size 21) in 284.0 ms
jit_prove[assert_eq_opcode_double_deref]: device mem count feed merged 2 families
jit_prove[add_opcode]: device witness 651967 real rows (log_size 20) in 291.0 ms
jit_prove[blake_compress_opcode]: device witness 40143 real rows (log_size 16) in 313.6 ms
jit_prove[add_opcode_small]: device mem count feed merged 2 families
jit_prove[add_opcode]: device mem count feed merged 2 families
jit_prove[mul_opcode]: device count feed merged 4 relation families
jit_prove[blake_compress_opcode]: device count feed merged 4 relation families
jit_prove[blake_compress_opcode]: stashed device edge for blake_round (host recovery mirror retained)
stwo witness-JIT: registered dynamic program component=blake_round instrs=2178
stwo witness-JIT: registered dynamic program component=verify_instruction instrs=123
stwo JIT: AOT pack hit kernel=stwo_jit_witness_17255b30022f129d key=dbe595d1b96f44f3 (embedded sm_90 cubin)
jit_prove[verify_instruction]: device witness 51638 real rows (log_size 16) in 21.6 ms
stwo JIT: AOT pack hit kernel=stwo_jit_witness_f18358c8a451335f key=525f7feff197f98f (embedded sm_90 cubin)
jit_prove[blake_round]: device witness 655360 real rows (log_size 20) in 26.6 ms
jit_prove[verify_instruction]: device count feed merged 4 relation families
jit_prove[blake_round]: device count feed merged 5 relation families
jit_prove[blake_round]: stashed device edge for blake_g (host recovery mirror skipped)
stwo witness-JIT: registered dynamic program component=triple_xor_32 instrs=190
stwo JIT: AOT pack hit kernel=stwo_jit_witness_3d32279c16a57ca9 key=f4db48c432e4a122 (embedded sm_90 cubin)
jit_prove[triple_xor_32]: device witness 524288 real rows (log_size 19) in 28.0 ms
pedersen table: registered HOST-BUILT table on device (56 cols x 8388608 rows, borrowed mode)
stwo witness-JIT: registered dynamic program component=pedersen_aggregator_window_bits_18 instrs=5005
stwo JIT: AOT pack hit kernel=stwo_jit_witness_b0eb28f739a39f20 key=f971534fb6886595 (embedded sm_90 cubin)
jit_prove[pedersen_aggregator_window_bits_18]: device witness 18258 real rows (log_size 15) in 259.4 ms
jit_prove[pedersen_aggregator_window_bits_18]: device count feed merged 3 relation families
jit_prove[pedersen_aggregator_window_bits_18]: stashed device edge for partial_ec_mul_window_bits_18 (host recovery mirror skipped)
stwo witness-JIT: registered dynamic program component=partial_ec_mul_window_bits_18 instrs=7917
stwo JIT: AOT pack hit kernel=stwo_jit_witness_d14e690e89d48795 key=72e577f0311f4863 (embedded sm_90 cubin)
jit_prove[partial_ec_mul_window_bits_18]: device witness 917504 real rows (log_size 20) in 17.0 ms
jit_prove[partial_ec_mul_window_bits_18]: device count feed merged 3 relation families
stwo witness-JIT: registered dynamic program component=cube_252 instrs=3619
stwo JIT: AOT pack hit kernel=stwo_jit_witness_22ad07ddaf1c1605 key=97cc1dd4a54b4ab1 (embedded sm_90 cubin)
jit_prove[cube_252]: device witness 499712 real rows (log_size 19) in 5.9 ms
jit_prove[cube_252]: device count feed merged 2 relation families
stwo witness-JIT: registered dynamic program component=range_check_252_width_27 instrs=289
stwo JIT: AOT pack hit kernel=stwo_jit_witness_ad984cdbe607f973 key=4f0444b9eef90425 (embedded sm_90 cubin)
stwo witness-JIT: registered dynamic program component=partial_ec_mul_generic instrs=17000
jit_prove[range_check_252_width_27]: device witness 401408 real rows (log_size 19) in 6.9 ms
jit_prove[range_check_252_width_27]: device count feed merged 2 relation families
stwo JIT: AOT pack hit kernel=stwo_jit_witness_945de91f8879d0ac key=3352e08a617734bc (embedded sm_90 cubin)
jit_prove[partial_ec_mul_generic]: device witness 258048 real rows (log_size 18) in 28.2 ms
jit_prove[partial_ec_mul_generic]: device count feed merged 3 relation families
vram_phase[witness]: used_high=22.74GB reserved_high=22.75GB
vram_phase[preprocessed_tree]: used_high=30.39GB reserved_high=31.51GB
vram_phase[base_commit]: used_high=43.32GB reserved_high=43.35GB
jit_interaction[add_opcode]: device logup 1048576 rows x 5 cols in 1.9 ms
jit_interaction[add_opcode_small]: device logup 2097152 rows x 5 cols in 2.8 ms
jit_interaction[add_ap_opcode]: device logup 524288 rows x 4 cols in 1.2 ms
jit_interaction[assert_eq_opcode]: device logup 1048576 rows x 3 cols in 0.9 ms
jit_interaction[assert_eq_opcode_imm]: device logup 524288 rows x 3 cols in 0.8 ms
jit_interaction[assert_eq_opcode_double_deref]: device logup 2097152 rows x 4 cols in 2.0 ms
jit_interaction[blake_compress_opcode]: device logup 65536 rows x 37 cols in 2.5 ms
jit_interaction[call_opcode_abs]: device logup 512 rows x 5 cols in 0.4 ms
jit_interaction[call_opcode_rel_imm]: device logup 262144 rows x 5 cols in 0.6 ms
jit_interaction[jnz_opcode_non_taken]: device logup 131072 rows x 3 cols in 0.5 ms
jit_interaction[jnz_opcode_taken]: device logup 1048576 rows x 4 cols in 1.3 ms
jit_interaction[jump_opcode_double_deref]: device logup 512 rows x 4 cols in 0.6 ms
jit_interaction[jump_opcode_rel]: device logup 1024 rows x 3 cols in 0.3 ms
jit_interaction[jump_opcode_rel_imm]: device logup 524288 rows x 3 cols in 0.6 ms
jit_interaction[mul_opcode]: device logup 131072 rows x 19 cols in 1.3 ms
jit_interaction[mul_opcode_small]: device logup 524288 rows x 6 cols in 1.1 ms
jit_interaction[ret_opcode]: device logup 262144 rows x 4 cols in 0.7 ms
jit_interaction[verify_instruction]: device logup 65536 rows x 3 cols in 0.4 ms
jit_interaction[blake_round]: device logup 1048576 rows x 30 cols in 8.7 ms
jit_interaction[triple_xor_32]: device logup 524288 rows x 5 cols in 0.7 ms
jit_interaction[partial_ec_mul_generic]: device logup 262144 rows x 157 cols in 10.3 ms
jit_interaction[pedersen_aggregator_window_bits_18]: device logup 32768 rows x 6 cols in 0.6 ms
jit_interaction[partial_ec_mul_window_bits_18]: device logup 1048576 rows x 65 cols in 12.2 ms
jit_interaction[cube_252]: device logup 524288 rows x 50 cols in 5.2 ms
jit_interaction[range_check_252_width_27]: device logup 524288 rows x 8 cols in 1.0 ms
vram_phase[interaction_write]: used_high=39.41GB reserved_high=43.35GB
vram_phase[interaction_commit]: used_high=39.59GB reserved_high=43.35GB
stwo JIT: codegen start component=cairo_air::components::add_opcode::Eval ts_ms=1783666163683
stwo JIT: codegen end component=cairo_air::components::add_opcode::Eval kernels=1 total_instrs=906 elapsed_ms=0 ts_ms=1783666163683
stwo JIT: compile start component=cairo_air::components::add_opcode::Eval kernel=stwo_jit_fused_c4fc2550c1ac56b8 semantic_hash=c4fc2550c1ac56b8 cache_key=fed62507369c1c00 instrs=906 source_bytes=52115 rc_base=0 relax_opt=false ts_ms=1783666163683
stwo JIT: AOT pack hit kernel=stwo_jit_fused_c4fc2550c1ac56b8 key=fed62507369c1c00 (embedded sm_90 cubin)
stwo JIT: compile+launch end component=cairo_air::components::add_opcode::Eval kernels=1 elapsed_ms=1 ts_ms=1783666163685
stwo JIT: codegen start component=cairo_air::components::add_opcode_small::Eval ts_ms=1783666163688
stwo JIT: codegen end component=cairo_air::components::add_opcode_small::Eval kernels=1 total_instrs=771 elapsed_ms=0 ts_ms=1783666163688
stwo JIT: compile start component=cairo_air::components::add_opcode_small::Eval kernel=stwo_jit_fused_f2af531532ff03c4 semantic_hash=f2af531532ff03c4 cache_key=8668572a11b345db instrs=771 source_bytes=42620 rc_base=0 relax_opt=false ts_ms=1783666163688
stwo JIT: AOT pack hit kernel=stwo_jit_fused_f2af531532ff03c4 key=8668572a11b345db (embedded sm_90 cubin)
stwo JIT: compile+launch end component=cairo_air::components::add_opcode_small::Eval kernels=1 elapsed_ms=1 ts_ms=1783666163690
stwo JIT: codegen start component=cairo_air::components::add_ap_opcode::Eval ts_ms=1783666163695
stwo JIT: codegen end component=cairo_air::components::add_ap_opcode::Eval kernels=1 total_instrs=361 elapsed_ms=0 ts_ms=1783666163695
stwo JIT: compile start component=cairo_air::components::add_ap_opcode::Eval kernel=stwo_jit_fused_38f2f1291bb6bc30 semantic_hash=38f2f1291bb6bc30 cache_key=a8a79235f2296029 instrs=361 source_bytes=24010 rc_base=0 relax_opt=false ts_ms=1783666163695
stwo JIT: AOT pack hit kernel=stwo_jit_fused_38f2f1291bb6bc30 key=a8a79235f2296029 (embedded sm_90 cubin)
stwo JIT: compile+launch end component=cairo_air::components::add_ap_opcode::Eval kernels=1 elapsed_ms=1 ts_ms=1783666163697
stwo JIT: codegen start component=cairo_air::components::assert_eq_opcode::Eval ts_ms=1783666163697
stwo JIT: codegen end component=cairo_air::components::assert_eq_opcode::Eval kernels=1 total_instrs=189 elapsed_ms=0 ts_ms=1783666163697
stwo JIT: compile start component=cairo_air::components::assert_eq_opcode::Eval kernel=stwo_jit_fused_3f818d142612918f semantic_hash=3f818d142612918f cache_key=705ffc197ad8a3cd instrs=189 source_bytes=16251 rc_base=0 relax_opt=false ts_ms=1783666163697
stwo JIT: AOT pack hit kernel=stwo_jit_fused_3f818d142612918f key=705ffc197ad8a3cd (embedded sm_90 cubin)
stwo JIT: compile+launch end component=cairo_air::components::assert_eq_opcode::Eval kernels=1 elapsed_ms=1 ts_ms=1783666163699
stwo JIT: codegen start component=cairo_air::components::assert_eq_opcode_imm::Eval ts_ms=1783666163699
stwo JIT: codegen end component=cairo_air::components::assert_eq_opcode_imm::Eval kernels=1 total_instrs=166 elapsed_ms=0 ts_ms=1783666163699
stwo JIT: compile start component=cairo_air::components::assert_eq_opcode_imm::Eval kernel=stwo_jit_fused_d5393c25fbb2874d semantic_hash=d5393c25fbb2874d cache_key=5212ad8933e14a8a instrs=166 source_bytes=15062 rc_base=0 relax_opt=false ts_ms=1783666163699
stwo JIT: AOT pack hit kernel=stwo_jit_fused_d5393c25fbb2874d key=5212ad8933e14a8a (embedded sm_90 cubin)
stwo JIT: compile+launch end component=cairo_air::components::assert_eq_opcode_imm::Eval kernels=1 elapsed_ms=1 ts_ms=1783666163701
stwo JIT: codegen start component=cairo_air::components::assert_eq_opcode_double_deref::Eval ts_ms=1783666163701
stwo JIT: codegen end component=cairo_air::components::assert_eq_opcode_double_deref::Eval kernels=1 total_instrs=266 elapsed_ms=0 ts_ms=1783666163701
stwo JIT: compile start component=cairo_air::components::assert_eq_opcode_double_deref::Eval kernel=stwo_jit_fused_e76fc7d452b58068 semantic_hash=e76fc7d452b58068 cache_key=81ae81db7a3e5faa instrs=266 source_bytes=20187 rc_base=0 relax_opt=false ts_ms=1783666163701
stwo JIT: AOT pack hit kernel=stwo_jit_fused_e76fc7d452b58068 key=81ae81db7a3e5faa (embedded sm_90 cubin)
stwo JIT: compile+launch end component=cairo_air::components::assert_eq_opcode_double_deref::Eval kernels=1 elapsed_ms=1 ts_ms=1783666163702
stwo JIT: codegen start component=cairo_air::components::blake_compress_opcode::Eval ts_ms=1783666163704
stwo JIT: codegen end component=cairo_air::components::blake_compress_opcode::Eval kernels=2 total_instrs=3572 elapsed_ms=1 ts_ms=1783666163705
stwo JIT: compile start component=cairo_air::components::blake_compress_opcode::Eval kernel=stwo_jit_fused_5ac117800a3f6cd0 semantic_hash=5ac117800a3f6cd0 cache_key=971352f32bfae829 instrs=2006 source_bytes=101277 rc_base=0 relax_opt=false ts_ms=1783666163705
stwo JIT: compile start component=cairo_air::components::blake_compress_opcode::Eval kernel=stwo_jit_fused_9fc7a29ec077c2f0 semantic_hash=9fc7a29ec077c2f0 cache_key=2986e57f8d528c25 instrs=1566 source_bytes=80940 rc_base=35 relax_opt=false ts_ms=1783666163705
stwo JIT: AOT pack hit kernel=stwo_jit_fused_5ac117800a3f6cd0 key=971352f32bfae829 (embedded sm_90 cubin)
stwo JIT: AOT pack hit kernel=stwo_jit_fused_9fc7a29ec077c2f0 key=2986e57f8d528c25 (embedded sm_90 cubin)
stwo JIT: compile+launch end component=cairo_air::components::blake_compress_opcode::Eval kernels=2 elapsed_ms=3 ts_ms=1783666163709
stwo JIT: codegen start component=cairo_air::components::call_opcode_abs::Eval ts_ms=1783666163710
stwo JIT: codegen end component=cairo_air::components::call_opcode_abs::Eval kernels=1 total_instrs=360 elapsed_ms=0 ts_ms=1783666163710
stwo JIT: compile start component=cairo_air::components::call_opcode_abs::Eval kernel=stwo_jit_fused_aaec7bbec10eedef semantic_hash=aaec7bbec10eedef cache_key=7d894a40fc4241f2 instrs=360 source_bytes=24610 rc_base=0 relax_opt=false ts_ms=1783666163710
stwo JIT: AOT pack hit kernel=stwo_jit_fused_aaec7bbec10eedef key=7d894a40fc4241f2 (embedded sm_90 cubin)
stwo JIT: compile+launch end component=cairo_air::components::call_opcode_abs::Eval kernels=1 elapsed_ms=1 ts_ms=1783666163712
stwo JIT: codegen start component=cairo_air::components::call_opcode_rel_imm::Eval ts_ms=1783666163712
stwo JIT: codegen end component=cairo_air::components::call_opcode_rel_imm::Eval kernels=1 total_instrs=449 elapsed_ms=0 ts_ms=1783666163712
stwo JIT: compile start component=cairo_air::components::call_opcode_rel_imm::Eval kernel=stwo_jit_fused_f3770d28731e9baf semantic_hash=f3770d28731e9baf cache_key=d2d25df5e625d8a2 instrs=449 source_bytes=28120 rc_base=0 relax_opt=false ts_ms=1783666163712
stwo JIT: AOT pack hit kernel=stwo_jit_fused_f3770d28731e9baf key=d2d25df5e625d8a2 (embedded sm_90 cubin)
stwo JIT: compile+launch end component=cairo_air::components::call_opcode_rel_imm::Eval kernels=1 elapsed_ms=1 ts_ms=1783666163713
stwo JIT: codegen start component=cairo_air::components::jnz_opcode_non_taken::Eval ts_ms=1783666163714
stwo JIT: codegen end component=cairo_air::components::jnz_opcode_non_taken::Eval kernels=1 total_instrs=216 elapsed_ms=0 ts_ms=1783666163714
stwo JIT: compile start component=cairo_air::components::jnz_opcode_non_taken::Eval kernel=stwo_jit_fused_ccbb8d139930365e semantic_hash=ccbb8d139930365e cache_key=3013fa5230eaf1ee instrs=216 source_bytes=16928 rc_base=0 relax_opt=false ts_ms=1783666163714
stwo JIT: AOT pack hit kernel=stwo_jit_fused_ccbb8d139930365e key=3013fa5230eaf1ee (embedded sm_90 cubin)
stwo JIT: compile+launch end component=cairo_air::components::jnz_opcode_non_taken::Eval kernels=1 elapsed_ms=1 ts_ms=1783666163715
stwo JIT: codegen start component=cairo_air::components::jnz_opcode_taken::Eval ts_ms=1783666163715
stwo JIT: codegen end component=cairo_air::components::jnz_opcode_taken::Eval kernels=1 total_instrs=542 elapsed_ms=0 ts_ms=1783666163715
stwo JIT: compile start component=cairo_air::components::jnz_opcode_taken::Eval kernel=stwo_jit_fused_bc762e9e3f2cfaf7 semantic_hash=bc762e9e3f2cfaf7 cache_key=7f00fb95f868ccf4 instrs=542 source_bytes=32590 rc_base=0 relax_opt=false ts_ms=1783666163715
stwo JIT: AOT pack hit kernel=stwo_jit_fused_bc762e9e3f2cfaf7 key=7f00fb95f868ccf4 (embedded sm_90 cubin)
stwo JIT: compile+launch end component=cairo_air::components::jnz_opcode_taken::Eval kernels=1 elapsed_ms=1 ts_ms=1783666163717
stwo JIT: codegen start component=cairo_air::components::jump_opcode_double_deref::Eval ts_ms=1783666163719
stwo JIT: codegen end component=cairo_air::components::jump_opcode_double_deref::Eval kernels=1 total_instrs=285 elapsed_ms=0 ts_ms=1783666163719
stwo JIT: compile start component=cairo_air::components::jump_opcode_double_deref::Eval kernel=stwo_jit_fused_f11bb80fb8ef9dac semantic_hash=f11bb80fb8ef9dac cache_key=77297d9ebda26715 instrs=285 source_bytes=20906 rc_base=0 relax_opt=false ts_ms=1783666163719
stwo JIT: AOT pack hit kernel=stwo_jit_fused_f11bb80fb8ef9dac key=77297d9ebda26715 (embedded sm_90 cubin)
stwo JIT: compile+launch end component=cairo_air::components::jump_opcode_double_deref::Eval kernels=1 elapsed_ms=1 ts_ms=1783666163720
stwo JIT: codegen start component=cairo_air::components::jump_opcode_rel::Eval ts_ms=1783666163720
stwo JIT: codegen end component=cairo_air::components::jump_opcode_rel::Eval kernels=1 total_instrs=321 elapsed_ms=0 ts_ms=1783666163720
stwo JIT: compile start component=cairo_air::components::jump_opcode_rel::Eval kernel=stwo_jit_fused_80d573ea5cb70558 semantic_hash=80d573ea5cb70558 cache_key=1c70181a9a16680c instrs=321 source_bytes=21839 rc_base=0 relax_opt=false ts_ms=1783666163720
stwo JIT: AOT pack hit kernel=stwo_jit_fused_80d573ea5cb70558 key=1c70181a9a16680c (embedded sm_90 cubin)
stwo JIT: compile+launch end component=cairo_air::components::jump_opcode_rel::Eval kernels=1 elapsed_ms=1 ts_ms=1783666163721
stwo JIT: codegen start component=cairo_air::components::jump_opcode_rel_imm::Eval ts_ms=1783666163721
stwo JIT: codegen end component=cairo_air::components::jump_opcode_rel_imm::Eval kernels=1 total_instrs=293 elapsed_ms=0 ts_ms=1783666163721
stwo JIT: compile start component=cairo_air::components::jump_opcode_rel_imm::Eval kernel=stwo_jit_fused_23630e2413ed4300 semantic_hash=23630e2413ed4300 cache_key=eeb49ef87a4c7c9f instrs=293 source_bytes=20371 rc_base=0 relax_opt=false ts_ms=1783666163721
stwo JIT: AOT pack hit kernel=stwo_jit_fused_23630e2413ed4300 key=eeb49ef87a4c7c9f (embedded sm_90 cubin)
stwo JIT: compile+launch end component=cairo_air::components::jump_opcode_rel_imm::Eval kernels=1 elapsed_ms=1 ts_ms=1783666163723
stwo JIT: codegen start component=cairo_air::components::mul_opcode::Eval ts_ms=1783666163723
stwo JIT: codegen end component=cairo_air::components::mul_opcode::Eval kernels=2 total_instrs=2713 elapsed_ms=0 ts_ms=1783666163724
stwo JIT: compile start component=cairo_air::components::mul_opcode::Eval kernel=stwo_jit_fused_330b6ac3795548e2 semantic_hash=330b6ac3795548e2 cache_key=566e541878630fa5 instrs=2011 source_bytes=92497 rc_base=0 relax_opt=false ts_ms=1783666163724
stwo JIT: compile start component=cairo_air::components::mul_opcode::Eval kernel=stwo_jit_fused_6a86368213950a80 semantic_hash=6a86368213950a80 cache_key=fbe0ec35d7227d64 instrs=702 source_bytes=43559 rc_base=42 relax_opt=false ts_ms=1783666163724
stwo JIT: AOT pack hit kernel=stwo_jit_fused_330b6ac3795548e2 key=566e541878630fa5 (embedded sm_90 cubin)
stwo JIT: AOT pack hit kernel=stwo_jit_fused_6a86368213950a80 key=fbe0ec35d7227d64 (embedded sm_90 cubin)
stwo JIT: compile+launch end component=cairo_air::components::mul_opcode::Eval kernels=2 elapsed_ms=2 ts_ms=1783666163727
stwo JIT: codegen start component=cairo_air::components::mul_opcode_small::Eval ts_ms=1783666163728
stwo JIT: codegen end component=cairo_air::components::mul_opcode_small::Eval kernels=1 total_instrs=474 elapsed_ms=0 ts_ms=1783666163728
stwo JIT: compile start component=cairo_air::components::mul_opcode_small::Eval kernel=stwo_jit_fused_df7268f8d131b2aa semantic_hash=df7268f8d131b2aa cache_key=0e5d5e4ce6ec6b93 instrs=474 source_bytes=30690 rc_base=0 relax_opt=false ts_ms=1783666163728
stwo JIT: AOT pack hit kernel=stwo_jit_fused_df7268f8d131b2aa key=0e5d5e4ce6ec6b93 (embedded sm_90 cubin)
stwo JIT: compile+launch end component=cairo_air::components::mul_opcode_small::Eval kernels=1 elapsed_ms=1 ts_ms=1783666163730
stwo JIT: codegen start component=cairo_air::components::ret_opcode::Eval ts_ms=1783666163730
stwo JIT: codegen end component=cairo_air::components::ret_opcode::Eval kernels=1 total_instrs=246 elapsed_ms=0 ts_ms=1783666163730
stwo JIT: compile start component=cairo_air::components::ret_opcode::Eval kernel=stwo_jit_fused_4a840241ace6b1ce semantic_hash=4a840241ace6b1ce cache_key=cad46594598ea494 instrs=246 source_bytes=18919 rc_base=0 relax_opt=false ts_ms=1783666163730
stwo JIT: AOT pack hit kernel=stwo_jit_fused_4a840241ace6b1ce key=cad46594598ea494 (embedded sm_90 cubin)
stwo JIT: compile+launch end component=cairo_air::components::ret_opcode::Eval kernels=1 elapsed_ms=1 ts_ms=1783666163732
stwo JIT: codegen start component=cairo_air::components::verify_instruction::Eval ts_ms=1783666163732
stwo JIT: codegen end component=cairo_air::components::verify_instruction::Eval kernels=1 total_instrs=238 elapsed_ms=0 ts_ms=1783666163732
stwo JIT: compile start component=cairo_air::components::verify_instruction::Eval kernel=stwo_jit_fused_598b3f5cd7a508ff semantic_hash=598b3f5cd7a508ff cache_key=3d4047fe93d01090 instrs=238 source_bytes=18266 rc_base=0 relax_opt=false ts_ms=1783666163732
stwo JIT: AOT pack hit kernel=stwo_jit_fused_598b3f5cd7a508ff key=3d4047fe93d01090 (embedded sm_90 cubin)
stwo JIT: compile+launch end component=cairo_air::components::verify_instruction::Eval kernels=1 elapsed_ms=1 ts_ms=1783666163733
stwo JIT: codegen start component=cairo_air::components::blake_round::Eval ts_ms=1783666163733
stwo JIT: codegen end component=cairo_air::components::blake_round::Eval kernels=2 total_instrs=3468 elapsed_ms=0 ts_ms=1783666163734
stwo JIT: compile start component=cairo_air::components::blake_round::Eval kernel=stwo_jit_fused_e327583d108f9be2 semantic_hash=e327583d108f9be2 cache_key=0cc121e2d56bda89 instrs=2047 source_bytes=100621 rc_base=0 relax_opt=false ts_ms=1783666163734
stwo JIT: compile start component=cairo_air::components::blake_round::Eval kernel=stwo_jit_fused_d8c01f1a61a70266 semantic_hash=d8c01f1a61a70266 cache_key=eac25c9e774849d9 instrs=1421 source_bytes=74752 rc_base=23 relax_opt=false ts_ms=1783666163734
stwo JIT: AOT pack hit kernel=stwo_jit_fused_e327583d108f9be2 key=0cc121e2d56bda89 (embedded sm_90 cubin)
stwo JIT: AOT pack hit kernel=stwo_jit_fused_d8c01f1a61a70266 key=eac25c9e774849d9 (embedded sm_90 cubin)
stwo JIT: compile+launch end component=cairo_air::components::blake_round::Eval kernels=2 elapsed_ms=3 ts_ms=1783666163737
stwo JIT: codegen start component=cairo_air::components::blake_g::Eval ts_ms=1783666163762
stwo JIT: codegen end component=cairo_air::components::blake_g::Eval kernels=1 total_instrs=685 elapsed_ms=0 ts_ms=1783666163762
stwo JIT: compile start component=cairo_air::components::blake_g::Eval kernel=stwo_jit_fused_85bc7442abcf3b0a semantic_hash=85bc7442abcf3b0a cache_key=beb87a7bcb35fdfe instrs=685 source_bytes=39888 rc_base=0 relax_opt=false ts_ms=1783666163762
stwo JIT: AOT pack hit kernel=stwo_jit_fused_85bc7442abcf3b0a key=beb87a7bcb35fdfe (embedded sm_90 cubin)
stwo JIT: compile+launch end component=cairo_air::components::blake_g::Eval kernels=1 elapsed_ms=1 ts_ms=1783666163763
stwo JIT: codegen start component=cairo_air::components::blake_round_sigma::Eval ts_ms=1783666163788
stwo JIT: codegen end component=cairo_air::components::blake_round_sigma::Eval kernels=1 total_instrs=107 elapsed_ms=0 ts_ms=1783666163788
stwo JIT: compile start component=cairo_air::components::blake_round_sigma::Eval kernel=stwo_jit_fused_dc512e9aef7f81c9 semantic_hash=dc512e9aef7f81c9 cache_key=35fe95ac7e0206d7 instrs=107 source_bytes=12477 rc_base=0 relax_opt=false ts_ms=1783666163788
stwo JIT: AOT pack hit kernel=stwo_jit_fused_dc512e9aef7f81c9 key=35fe95ac7e0206d7 (embedded sm_90 cubin)
stwo JIT: compile+launch end component=cairo_air::components::blake_round_sigma::Eval kernels=1 elapsed_ms=1 ts_ms=1783666163790
stwo JIT: codegen start component=cairo_air::components::triple_xor_32::Eval ts_ms=1783666163790
stwo JIT: codegen end component=cairo_air::components::triple_xor_32::Eval kernels=1 total_instrs=277 elapsed_ms=0 ts_ms=1783666163790
stwo JIT: compile start component=cairo_air::components::triple_xor_32::Eval kernel=stwo_jit_fused_604bf5992fe4faf1 semantic_hash=604bf5992fe4faf1 cache_key=4edcbfbe690d89f5 instrs=277 source_bytes=20572 rc_base=0 relax_opt=false ts_ms=1783666163790
stwo JIT: AOT pack hit kernel=stwo_jit_fused_604bf5992fe4faf1 key=4edcbfbe690d89f5 (embedded sm_90 cubin)
stwo JIT: compile+launch end component=cairo_air::components::triple_xor_32::Eval kernels=1 elapsed_ms=1 ts_ms=1783666163791
stwo JIT: codegen start component=cairo_air::components::verify_bitwise_xor_12::Eval ts_ms=1783666163792
stwo JIT: codegen end component=cairo_air::components::verify_bitwise_xor_12::Eval kernels=1 total_instrs=490 elapsed_ms=0 ts_ms=1783666163792
stwo JIT: compile start component=cairo_air::components::verify_bitwise_xor_12::Eval kernel=stwo_jit_fused_73ad4f300b5c03b9 semantic_hash=73ad4f300b5c03b9 cache_key=c27640c48e579b6a instrs=490 source_bytes=29507 rc_base=0 relax_opt=false ts_ms=1783666163792
stwo JIT: AOT pack hit kernel=stwo_jit_fused_73ad4f300b5c03b9 key=c27640c48e579b6a (embedded sm_90 cubin)
stwo JIT: compile+launch end component=cairo_air::components::verify_bitwise_xor_12::Eval kernels=1 elapsed_ms=1 ts_ms=1783666163793
stwo JIT: codegen start component=cairo_air::components::bitwise_builtin::Eval ts_ms=1783666163794
stwo JIT: codegen end component=cairo_air::components::bitwise_builtin::Eval kernels=1 total_instrs=1602 elapsed_ms=0 ts_ms=1783666163795
stwo JIT: compile start component=cairo_air::components::bitwise_builtin::Eval kernel=stwo_jit_fused_e01e51aece8601a3 semantic_hash=e01e51aece8601a3 cache_key=841ad730275bfa31 instrs=1602 source_bytes=81155 rc_base=0 relax_opt=false ts_ms=1783666163795
stwo JIT: AOT pack hit kernel=stwo_jit_fused_e01e51aece8601a3 key=841ad730275bfa31 (embedded sm_90 cubin)
stwo JIT: compile+launch end component=cairo_air::components::bitwise_builtin::Eval kernels=1 elapsed_ms=1 ts_ms=1783666163797
stwo JIT: codegen start component=cairo_air::components::pedersen_builtin::Eval ts_ms=1783666163797
stwo JIT: codegen end component=cairo_air::components::pedersen_builtin::Eval kernels=1 total_instrs=96 elapsed_ms=0 ts_ms=1783666163797
stwo JIT: compile start component=cairo_air::components::pedersen_builtin::Eval kernel=stwo_jit_fused_be5c30c37e524bca semantic_hash=be5c30c37e524bca cache_key=d0b91fb3d8655fb8 instrs=96 source_bytes=11332 rc_base=0 relax_opt=false ts_ms=1783666163797
stwo JIT: AOT pack hit kernel=stwo_jit_fused_be5c30c37e524bca key=d0b91fb3d8655fb8 (embedded sm_90 cubin)
stwo JIT: compile+launch end component=cairo_air::components::pedersen_builtin::Eval kernels=1 elapsed_ms=1 ts_ms=1783666163798
stwo JIT: codegen start component=cairo_air::components::poseidon_builtin::Eval ts_ms=1783666163798
stwo JIT: codegen end component=cairo_air::components::poseidon_builtin::Eval kernels=1 total_instrs=173 elapsed_ms=0 ts_ms=1783666163798
stwo JIT: compile start component=cairo_air::components::poseidon_builtin::Eval kernel=stwo_jit_fused_8e66c31ce70ae6d9 semantic_hash=8e66c31ce70ae6d9 cache_key=27cc85376e0a84db instrs=173 source_bytes=15072 rc_base=0 relax_opt=false ts_ms=1783666163798
stwo JIT: AOT pack hit kernel=stwo_jit_fused_8e66c31ce70ae6d9 key=27cc85376e0a84db (embedded sm_90 cubin)
stwo JIT: compile+launch end component=cairo_air::components::poseidon_builtin::Eval kernels=1 elapsed_ms=1 ts_ms=1783666163800
stwo JIT: codegen start component=cairo_air::components::range_check_builtin::Eval ts_ms=1783666163800
stwo JIT: codegen end component=cairo_air::components::range_check_builtin::Eval kernels=1 total_instrs=135 elapsed_ms=0 ts_ms=1783666163800
stwo JIT: compile start component=cairo_air::components::range_check_builtin::Eval kernel=stwo_jit_fused_dce8d7630af46180 semantic_hash=dce8d7630af46180 cache_key=d38a1ebe1395b88d instrs=135 source_bytes=13561 rc_base=0 relax_opt=false ts_ms=1783666163800
stwo JIT: AOT pack hit kernel=stwo_jit_fused_dce8d7630af46180 key=d38a1ebe1395b88d (embedded sm_90 cubin)
stwo JIT: compile+launch end component=cairo_air::components::range_check_builtin::Eval kernels=1 elapsed_ms=1 ts_ms=1783666163801
stwo JIT: codegen start component=cairo_air::components::ec_op_builtin::Eval ts_ms=1783666163801
stwo JIT: codegen end component=cairo_air::components::ec_op_builtin::Eval kernels=2 total_instrs=2598 elapsed_ms=0 ts_ms=1783666163802
stwo JIT: compile start component=cairo_air::components::ec_op_builtin::Eval kernel=stwo_jit_fused_345e19f8123887a5 semantic_hash=345e19f8123887a5 cache_key=274f366b0e161aed instrs=954 source_bytes=56290 rc_base=0 relax_opt=false ts_ms=1783666163802
stwo JIT: compile start component=cairo_air::components::ec_op_builtin::Eval kernel=stwo_jit_fused_fb86d96361e4982a semantic_hash=fb86d96361e4982a cache_key=f8145e081a604b88 instrs=1644 source_bytes=88850 rc_base=12 relax_opt=false ts_ms=1783666163802
stwo JIT: AOT pack hit kernel=stwo_jit_fused_345e19f8123887a5 key=274f366b0e161aed (embedded sm_90 cubin)
stwo JIT: AOT pack hit kernel=stwo_jit_fused_fb86d96361e4982a key=f8145e081a604b88 (embedded sm_90 cubin)
stwo JIT: compile+launch end component=cairo_air::components::ec_op_builtin::Eval kernels=2 elapsed_ms=4 ts_ms=1783666163807
stwo JIT: codegen start component=cairo_air::components::partial_ec_mul_generic::Eval ts_ms=1783666163807
stwo JIT: codegen end component=cairo_air::components::partial_ec_mul_generic::Eval kernels=11 total_instrs=20334 elapsed_ms=7 ts_ms=1783666163815
stwo JIT: compile start component=cairo_air::components::partial_ec_mul_generic::Eval kernel=stwo_jit_fused_a825a049ba6a952f semantic_hash=a825a049ba6a952f cache_key=938d4c6c79c6c68e instrs=1963 source_bytes=94180 rc_base=0 relax_opt=false ts_ms=1783666163815
stwo JIT: compile start component=cairo_air::components::partial_ec_mul_generic::Eval kernel=stwo_jit_fused_a5a22a904ae7719a semantic_hash=a5a22a904ae7719a cache_key=0d85e62852e65bf1 instrs=2041 source_bytes=93357 rc_base=55 relax_opt=false ts_ms=1783666163815
stwo JIT: compile start component=cairo_air::components::partial_ec_mul_generic::Eval kernel=stwo_jit_fused_fd5f6abc639c7ad3 semantic_hash=fd5f6abc639c7ad3 cache_key=00f8a89b9d11ef90 instrs=1943 source_bytes=101819 rc_base=86 relax_opt=false ts_ms=1783666163815
stwo JIT: compile start component=cairo_air::components::partial_ec_mul_generic::Eval kernel=stwo_jit_fused_49565bc27a55d074 semantic_hash=49565bc27a55d074 cache_key=ef130c4b88f1d0bf instrs=1942 source_bytes=89769 rc_base=167 relax_opt=false ts_ms=1783666163815
stwo JIT: compile start component=cairo_air::components::partial_ec_mul_generic::Eval kernel=stwo_jit_fused_3a940a524062d0a6 semantic_hash=3a940a524062d0a6 cache_key=95cbc777b66614e4 instrs=1969 source_bytes=86758 rc_base=207 relax_opt=false ts_ms=1783666163815
stwo JIT: compile start component=cairo_air::components::partial_ec_mul_generic::Eval kernel=stwo_jit_fused_9927162c86fc449f semantic_hash=9927162c86fc449f cache_key=b52eac7ce08c782d instrs=1934 source_bytes=87320 rc_base=237 relax_opt=false ts_ms=1783666163815
stwo JIT: compile start component=cairo_air::components::partial_ec_mul_generic::Eval kernel=stwo_jit_fused_a80c5d6eff945be0 semantic_hash=a80c5d6eff945be0 cache_key=55e5013d1c80a943 instrs=2048 source_bytes=100081 rc_base=265 relax_opt=false ts_ms=1783666163815
stwo JIT: compile start component=cairo_air::components::partial_ec_mul_generic::Eval kernel=stwo_jit_fused_342c812094c790bf semantic_hash=342c812094c790bf cache_key=eca6e39dfa7fda85 instrs=2012 source_bytes=115751 rc_base=303 relax_opt=false ts_ms=1783666163815
stwo JIT: compile start component=cairo_air::components::partial_ec_mul_generic::Eval kernel=stwo_jit_fused_f72f80a3f2b92cfe semantic_hash=f72f80a3f2b92cfe cache_key=ba7e655bf934f6ca instrs=2026 source_bytes=117395 rc_base=359 relax_opt=false ts_ms=1783666163815
stwo JIT: compile start component=cairo_air::components::partial_ec_mul_generic::Eval kernel=stwo_jit_fused_229943774e0da851 semantic_hash=229943774e0da851 cache_key=522e1e85e10cfb65 instrs=1170 source_bytes=69007 rc_base=414 relax_opt=false ts_ms=1783666163815
stwo JIT: compile start component=cairo_air::components::partial_ec_mul_generic::Eval kernel=stwo_jit_fused_30f739c2d3c73514 semantic_hash=30f739c2d3c73514 cache_key=9e4eeea66a271785 instrs=1286 source_bytes=73881 rc_base=447 relax_opt=false ts_ms=1783666163815
stwo JIT: AOT pack hit kernel=stwo_jit_fused_a825a049ba6a952f key=938d4c6c79c6c68e (embedded sm_90 cubin)
stwo JIT: AOT pack hit kernel=stwo_jit_fused_a5a22a904ae7719a key=0d85e62852e65bf1 (embedded sm_90 cubin)
stwo JIT: AOT pack hit kernel=stwo_jit_fused_fd5f6abc639c7ad3 key=00f8a89b9d11ef90 (embedded sm_90 cubin)
stwo JIT: AOT pack hit kernel=stwo_jit_fused_49565bc27a55d074 key=ef130c4b88f1d0bf (embedded sm_90 cubin)
stwo JIT: AOT pack hit kernel=stwo_jit_fused_3a940a524062d0a6 key=95cbc777b66614e4 (embedded sm_90 cubin)
stwo JIT: AOT pack hit kernel=stwo_jit_fused_9927162c86fc449f key=b52eac7ce08c782d (embedded sm_90 cubin)
stwo JIT: AOT pack hit kernel=stwo_jit_fused_a80c5d6eff945be0 key=55e5013d1c80a943 (embedded sm_90 cubin)
stwo JIT: AOT pack hit kernel=stwo_jit_fused_342c812094c790bf key=eca6e39dfa7fda85 (embedded sm_90 cubin)
stwo JIT: AOT pack hit kernel=stwo_jit_fused_f72f80a3f2b92cfe key=ba7e655bf934f6ca (embedded sm_90 cubin)
stwo JIT: AOT pack hit kernel=stwo_jit_fused_229943774e0da851 key=522e1e85e10cfb65 (embedded sm_90 cubin)
stwo JIT: AOT pack hit kernel=stwo_jit_fused_30f739c2d3c73514 key=9e4eeea66a271785 (embedded sm_90 cubin)
stwo JIT: compile+launch end component=cairo_air::components::partial_ec_mul_generic::Eval kernels=11 elapsed_ms=15 ts_ms=1783666163831
stwo JIT: codegen start component=cairo_air::components::pedersen_aggregator_window_bits_18::Eval ts_ms=1783666163864
stwo JIT: codegen end component=cairo_air::components::pedersen_aggregator_window_bits_18::Eval kernels=1 total_instrs=1918 elapsed_ms=0 ts_ms=1783666163864
stwo JIT: compile start component=cairo_air::components::pedersen_aggregator_window_bits_18::Eval kernel=stwo_jit_fused_38d89578fcdc1c7c semantic_hash=38d89578fcdc1c7c cache_key=43130551ff46c455 instrs=1918 source_bytes=99637 rc_base=0 relax_opt=false ts_ms=1783666163864
stwo JIT: AOT pack hit kernel=stwo_jit_fused_38d89578fcdc1c7c key=43130551ff46c455 (embedded sm_90 cubin)
stwo JIT: compile+launch end component=cairo_air::components::pedersen_aggregator_window_bits_18::Eval kernels=1 elapsed_ms=2 ts_ms=1783666163866
stwo JIT: codegen start component=cairo_air::components::partial_ec_mul_window_bits_18::Eval ts_ms=1783666163867
stwo JIT: codegen end component=cairo_air::components::partial_ec_mul_window_bits_18::Eval kernels=5 total_instrs=8904 elapsed_ms=2 ts_ms=1783666163869
stwo JIT: compile start component=cairo_air::components::partial_ec_mul_window_bits_18::Eval kernel=stwo_jit_fused_86a901b804923a10 semantic_hash=86a901b804923a10 cache_key=1ab049f2a1c4ff32 instrs=2041 source_bytes=92272 rc_base=0 relax_opt=false ts_ms=1783666163870
stwo JIT: compile start component=cairo_air::components::partial_ec_mul_window_bits_18::Eval kernel=stwo_jit_fused_88abad321f9b225e semantic_hash=88abad321f9b225e cache_key=bdfea75f60bf42ca instrs=1959 source_bytes=89916 rc_base=31 relax_opt=false ts_ms=1783666163870
stwo JIT: compile start component=cairo_air::components::partial_ec_mul_window_bits_18::Eval kernel=stwo_jit_fused_fafdbb942f7afd88 semantic_hash=fafdbb942f7afd88 cache_key=c2631bd0d61a0e70 instrs=2028 source_bytes=97821 rc_base=59 relax_opt=false ts_ms=1783666163870
stwo JIT: compile start component=cairo_air::components::partial_ec_mul_window_bits_18::Eval kernel=stwo_jit_fused_73dba529a778dc70 semantic_hash=73dba529a778dc70 cache_key=59261525ff27b3f7 instrs=2015 source_bytes=115775 rc_base=89 relax_opt=false ts_ms=1783666163870
stwo JIT: compile start component=cairo_air::components::partial_ec_mul_window_bits_18::Eval kernel=stwo_jit_fused_13b40cb8bc3f2903 semantic_hash=13b40cb8bc3f2903 cache_key=37fde1600beee62c instrs=861 source_bytes=51619 rc_base=145 relax_opt=false ts_ms=1783666163870
stwo JIT: AOT pack hit kernel=stwo_jit_fused_86a901b804923a10 key=1ab049f2a1c4ff32 (embedded sm_90 cubin)
stwo JIT: AOT pack hit kernel=stwo_jit_fused_88abad321f9b225e key=bdfea75f60bf42ca (embedded sm_90 cubin)
stwo JIT: AOT pack hit kernel=stwo_jit_fused_fafdbb942f7afd88 key=c2631bd0d61a0e70 (embedded sm_90 cubin)
stwo JIT: AOT pack hit kernel=stwo_jit_fused_73dba529a778dc70 key=59261525ff27b3f7 (embedded sm_90 cubin)
stwo JIT: AOT pack hit kernel=stwo_jit_fused_13b40cb8bc3f2903 key=37fde1600beee62c (embedded sm_90 cubin)
stwo JIT: compile+launch end component=cairo_air::components::partial_ec_mul_window_bits_18::Eval kernels=5 elapsed_ms=7 ts_ms=1783666163877
stwo JIT: codegen start component=cairo_air::components::pedersen_points_table_window_bits_18::Eval ts_ms=1783666163932
stwo JIT: codegen end component=cairo_air::components::pedersen_points_table_window_bits_18::Eval kernels=1 total_instrs=307 elapsed_ms=0 ts_ms=1783666163932
stwo JIT: compile start component=cairo_air::components::pedersen_points_table_window_bits_18::Eval kernel=stwo_jit_fused_6d15c44abe421789 semantic_hash=6d15c44abe421789 cache_key=2e3eccbf87dcd53e instrs=307 source_bytes=22677 rc_base=0 relax_opt=false ts_ms=1783666163932
stwo JIT: AOT pack hit kernel=stwo_jit_fused_6d15c44abe421789 key=2e3eccbf87dcd53e (embedded sm_90 cubin)
stwo JIT: compile+launch end component=cairo_air::components::pedersen_points_table_window_bits_18::Eval kernels=1 elapsed_ms=1 ts_ms=1783666163933
stwo JIT: codegen start component=cairo_air::components::poseidon_aggregator::Eval ts_ms=1783666163938
stwo JIT: codegen end component=cairo_air::components::poseidon_aggregator::Eval kernels=3 total_instrs=4436 elapsed_ms=1 ts_ms=1783666163939
stwo JIT: compile start component=cairo_air::components::poseidon_aggregator::Eval kernel=stwo_jit_fused_3b6a2b9af05716bc semantic_hash=3b6a2b9af05716bc cache_key=3d482973d4d2ba8f instrs=1934 source_bytes=97650 rc_base=0 relax_opt=false ts_ms=1783666163939
stwo JIT: compile start component=cairo_air::components::poseidon_aggregator::Eval kernel=stwo_jit_fused_b6cc3b9a735492be semantic_hash=b6cc3b9a735492be cache_key=ff2c767739af6bea instrs=1822 source_bytes=87503 rc_base=40 relax_opt=false ts_ms=1783666163939
stwo JIT: compile start component=cairo_air::components::poseidon_aggregator::Eval kernel=stwo_jit_fused_c9c647c15f2d8884 semantic_hash=c9c647c15f2d8884 cache_key=2b7ba77c434ef9f3 instrs=680 source_bytes=38064 rc_base=49 relax_opt=false ts_ms=1783666163939
stwo JIT: AOT pack hit kernel=stwo_jit_fused_3b6a2b9af05716bc key=3d482973d4d2ba8f (embedded sm_90 cubin)
stwo JIT: AOT pack hit kernel=stwo_jit_fused_b6cc3b9a735492be key=ff2c767739af6bea (embedded sm_90 cubin)
stwo JIT: AOT pack hit kernel=stwo_jit_fused_c9c647c15f2d8884 key=2b7ba77c434ef9f3 (embedded sm_90 cubin)
stwo JIT: compile+launch end component=cairo_air::components::poseidon_aggregator::Eval kernels=3 elapsed_ms=4 ts_ms=1783666163944
stwo JIT: codegen start component=cairo_air::components::poseidon_3_partial_rounds_chain::Eval ts_ms=1783666163944
stwo JIT: codegen end component=cairo_air::components::poseidon_3_partial_rounds_chain::Eval kernels=2 total_instrs=2231 elapsed_ms=0 ts_ms=1783666163944
stwo JIT: compile start component=cairo_air::components::poseidon_3_partial_rounds_chain::Eval kernel=stwo_jit_fused_9bd43e62338a819d semantic_hash=9bd43e62338a819d cache_key=99235b4e75c03b7e instrs=1775 source_bytes=87153 rc_base=0 relax_opt=false ts_ms=1783666163945
stwo JIT: compile start component=cairo_air::components::poseidon_3_partial_rounds_chain::Eval kernel=stwo_jit_fused_2a2157ac10240c20 semantic_hash=2a2157ac10240c20 cache_key=41f19eb13bc4275c instrs=456 source_bytes=30246 rc_base=45 relax_opt=false ts_ms=1783666163945
stwo JIT: AOT pack hit kernel=stwo_jit_fused_9bd43e62338a819d key=99235b4e75c03b7e (embedded sm_90 cubin)
stwo JIT: AOT pack hit kernel=stwo_jit_fused_2a2157ac10240c20 key=41f19eb13bc4275c (embedded sm_90 cubin)
stwo JIT: compile+launch end component=cairo_air::components::poseidon_3_partial_rounds_chain::Eval kernels=2 elapsed_ms=2 ts_ms=1783666163947
stwo JIT: codegen start component=cairo_air::components::poseidon_full_round_chain::Eval ts_ms=1783666163948
stwo JIT: codegen end component=cairo_air::components::poseidon_full_round_chain::Eval kernels=1 total_instrs=1325 elapsed_ms=0 ts_ms=1783666163949
stwo JIT: compile start component=cairo_air::components::poseidon_full_round_chain::Eval kernel=stwo_jit_fused_216f562d8a710df7 semantic_hash=216f562d8a710df7 cache_key=5778c9f6db5cf1d6 instrs=1325 source_bytes=67425 rc_base=0 relax_opt=false ts_ms=1783666163949
stwo JIT: AOT pack hit kernel=stwo_jit_fused_216f562d8a710df7 key=5778c9f6db5cf1d6 (embedded sm_90 cubin)
stwo JIT: compile+launch end component=cairo_air::components::poseidon_full_round_chain::Eval kernels=1 elapsed_ms=1 ts_ms=1783666163950
stwo JIT: codegen start component=cairo_air::components::cube_252::Eval ts_ms=1783666163950
stwo JIT: codegen end component=cairo_air::components::cube_252::Eval kernels=3 total_instrs=5406 elapsed_ms=1 ts_ms=1783666163952
stwo JIT: compile start component=cairo_air::components::cube_252::Eval kernel=stwo_jit_fused_236ecb1645901ac0 semantic_hash=236ecb1645901ac0 cache_key=c687f168b5760e1f instrs=1943 source_bytes=84152 rc_base=0 relax_opt=false ts_ms=1783666163952
stwo JIT: compile start component=cairo_air::components::cube_252::Eval kernel=stwo_jit_fused_f98780e88d7e4690 semantic_hash=f98780e88d7e4690 cache_key=7c0e5e9ed1f1e625 instrs=2019 source_bytes=93964 rc_base=31 relax_opt=false ts_ms=1783666163952
stwo JIT: compile start component=cairo_air::components::cube_252::Eval kernel=stwo_jit_fused_898f5baace96c569 semantic_hash=898f5baace96c569 cache_key=c91808b47dc924cf instrs=1444 source_bytes=82329 rc_base=70 relax_opt=false ts_ms=1783666163952
stwo JIT: AOT pack hit kernel=stwo_jit_fused_236ecb1645901ac0 key=c687f168b5760e1f (embedded sm_90 cubin)
stwo JIT: AOT pack hit kernel=stwo_jit_fused_f98780e88d7e4690 key=7c0e5e9ed1f1e625 (embedded sm_90 cubin)
stwo JIT: AOT pack hit kernel=stwo_jit_fused_898f5baace96c569 key=c91808b47dc924cf (embedded sm_90 cubin)
stwo JIT: compile+launch end component=cairo_air::components::cube_252::Eval kernels=3 elapsed_ms=4 ts_ms=1783666163957
stwo JIT: codegen start component=cairo_air::components::poseidon_round_keys::Eval ts_ms=1783666163973
stwo JIT: codegen end component=cairo_air::components::poseidon_round_keys::Eval kernels=1 total_instrs=177 elapsed_ms=0 ts_ms=1783666163973
stwo JIT: compile start component=cairo_air::components::poseidon_round_keys::Eval kernel=stwo_jit_fused_6eec0240134c359d semantic_hash=6eec0240134c359d cache_key=72234bdb224e728d instrs=177 source_bytes=16047 rc_base=0 relax_opt=false ts_ms=1783666163973
stwo JIT: AOT pack hit kernel=stwo_jit_fused_6eec0240134c359d key=72234bdb224e728d (embedded sm_90 cubin)
stwo JIT: compile+launch end component=cairo_air::components::poseidon_round_keys::Eval kernels=1 elapsed_ms=1 ts_ms=1783666163975
stwo JIT: codegen start component=cairo_air::components::range_check_252_width_27::Eval ts_ms=1783666163975
stwo JIT: codegen end component=cairo_air::components::range_check_252_width_27::Eval kernels=1 total_instrs=327 elapsed_ms=0 ts_ms=1783666163975
stwo JIT: compile start component=cairo_air::components::range_check_252_width_27::Eval kernel=stwo_jit_fused_f546a8bace1705fa semantic_hash=f546a8bace1705fa cache_key=c2a3991180dc0c6d instrs=327 source_bytes=23693 rc_base=0 relax_opt=false ts_ms=1783666163975
stwo JIT: AOT pack hit kernel=stwo_jit_fused_f546a8bace1705fa key=c2a3991180dc0c6d (embedded sm_90 cubin)
stwo JIT: compile+launch end component=cairo_air::components::range_check_252_width_27::Eval kernels=1 elapsed_ms=1 ts_ms=1783666163976
stwo JIT: codegen start component=cairo_air::components::memory_address_to_id::Eval ts_ms=1783666163977
stwo JIT: codegen end component=cairo_air::components::memory_address_to_id::Eval kernels=1 total_instrs=378 elapsed_ms=0 ts_ms=1783666163977
stwo JIT: compile start component=cairo_air::components::memory_address_to_id::Eval kernel=stwo_jit_fused_3c4eba302b5cb3ed semantic_hash=3c4eba302b5cb3ed cache_key=b739dbe5ffa5866b instrs=378 source_bytes=25923 rc_base=0 relax_opt=false ts_ms=1783666163977
stwo JIT: AOT pack hit kernel=stwo_jit_fused_3c4eba302b5cb3ed key=b739dbe5ffa5866b (embedded sm_90 cubin)
stwo JIT: compile+launch end component=cairo_air::components::memory_address_to_id::Eval kernels=1 elapsed_ms=1 ts_ms=1783666163979
stwo JIT: codegen start component=cairo_air::components::memory_id_to_big::BigEval ts_ms=1783666163980
stwo JIT: codegen end component=cairo_air::components::memory_id_to_big::BigEval kernels=1 total_instrs=423 elapsed_ms=0 ts_ms=1783666163980
stwo JIT: compile start component=cairo_air::components::memory_id_to_big::BigEval kernel=stwo_jit_fused_d0a2396eb5e8e845 semantic_hash=d0a2396eb5e8e845 cache_key=8e3c0eaec20fdd9f instrs=423 source_bytes=28033 rc_base=0 relax_opt=false ts_ms=1783666163980
stwo JIT: AOT pack hit kernel=stwo_jit_fused_d0a2396eb5e8e845 key=8e3c0eaec20fdd9f (embedded sm_90 cubin)
stwo JIT: compile+launch end component=cairo_air::components::memory_id_to_big::BigEval kernels=1 elapsed_ms=1 ts_ms=1783666163981
stwo JIT: codegen start component=cairo_air::components::memory_id_to_small::Eval ts_ms=1783666163982
stwo JIT: codegen end component=cairo_air::components::memory_id_to_small::Eval kernels=1 total_instrs=139 elapsed_ms=0 ts_ms=1783666163982
stwo JIT: compile start component=cairo_air::components::memory_id_to_small::Eval kernel=stwo_jit_fused_509c4d39b553946d semantic_hash=509c4d39b553946d cache_key=c1687d6fa328bb5d instrs=139 source_bytes=13876 rc_base=0 relax_opt=false ts_ms=1783666163982
stwo JIT: AOT pack hit kernel=stwo_jit_fused_509c4d39b553946d key=c1687d6fa328bb5d (embedded sm_90 cubin)
stwo JIT: compile+launch end component=cairo_air::components::memory_id_to_small::Eval kernels=1 elapsed_ms=1 ts_ms=1783666163983
stwo JIT: codegen start component=cairo_air::components::range_check_6::Eval ts_ms=1783666163984
stwo JIT: codegen end component=cairo_air::components::range_check_6::Eval kernels=1 total_instrs=27 elapsed_ms=0 ts_ms=1783666163984
stwo JIT: compile start component=cairo_air::components::range_check_6::Eval kernel=stwo_jit_fused_b455671faf7e7149 semantic_hash=b455671faf7e7149 cache_key=5754f8a873a52740 instrs=27 source_bytes=8407 rc_base=0 relax_opt=false ts_ms=1783666163984
stwo JIT: AOT pack hit kernel=stwo_jit_fused_b455671faf7e7149 key=5754f8a873a52740 (embedded sm_90 cubin)
stwo JIT: compile+launch end component=cairo_air::components::range_check_6::Eval kernels=1 elapsed_ms=1 ts_ms=1783666163985
stwo JIT: codegen start component=cairo_air::components::range_check_8::Eval ts_ms=1783666163985
stwo JIT: codegen end component=cairo_air::components::range_check_8::Eval kernels=1 total_instrs=27 elapsed_ms=0 ts_ms=1783666163985
stwo JIT: compile start component=cairo_air::components::range_check_8::Eval kernel=stwo_jit_fused_b455671faf7e7149 semantic_hash=b455671faf7e7149 cache_key=5754f8a873a52740 instrs=27 source_bytes=8407 rc_base=0 relax_opt=false ts_ms=1783666163985
stwo JIT: compile+launch end component=cairo_air::components::range_check_8::Eval kernels=1 elapsed_ms=0 ts_ms=1783666163985
stwo JIT: codegen start component=cairo_air::components::range_check_11::Eval ts_ms=1783666163985
stwo JIT: codegen end component=cairo_air::components::range_check_11::Eval kernels=1 total_instrs=27 elapsed_ms=0 ts_ms=1783666163985
stwo JIT: compile start component=cairo_air::components::range_check_11::Eval kernel=stwo_jit_fused_b455671faf7e7149 semantic_hash=b455671faf7e7149 cache_key=5754f8a873a52740 instrs=27 source_bytes=8407 rc_base=0 relax_opt=false ts_ms=1783666163985
stwo JIT: compile+launch end component=cairo_air::components::range_check_11::Eval kernels=1 elapsed_ms=0 ts_ms=1783666163985
stwo JIT: codegen start component=cairo_air::components::range_check_12::Eval ts_ms=1783666163985
stwo JIT: codegen end component=cairo_air::components::range_check_12::Eval kernels=1 total_instrs=27 elapsed_ms=0 ts_ms=1783666163985
stwo JIT: compile start component=cairo_air::components::range_check_12::Eval kernel=stwo_jit_fused_b455671faf7e7149 semantic_hash=b455671faf7e7149 cache_key=5754f8a873a52740 instrs=27 source_bytes=8407 rc_base=0 relax_opt=false ts_ms=1783666163985
stwo JIT: compile+launch end component=cairo_air::components::range_check_12::Eval kernels=1 elapsed_ms=0 ts_ms=1783666163985
stwo JIT: codegen start component=cairo_air::components::range_check_18::Eval ts_ms=1783666163985
stwo JIT: codegen end component=cairo_air::components::range_check_18::Eval kernels=1 total_instrs=41 elapsed_ms=0 ts_ms=1783666163986
stwo JIT: compile start component=cairo_air::components::range_check_18::Eval kernel=stwo_jit_fused_5110e647be737a71 semantic_hash=5110e647be737a71 cache_key=60f1edbf38c46846 instrs=41 source_bytes=9008 rc_base=0 relax_opt=false ts_ms=1783666163986
stwo JIT: AOT pack hit kernel=stwo_jit_fused_5110e647be737a71 key=60f1edbf38c46846 (embedded sm_90 cubin)
stwo JIT: compile+launch end component=cairo_air::components::range_check_18::Eval kernels=1 elapsed_ms=1 ts_ms=1783666163987
stwo JIT: codegen start component=cairo_air::components::range_check_20::Eval ts_ms=1783666163987
stwo JIT: codegen end component=cairo_air::components::range_check_20::Eval kernels=1 total_instrs=137 elapsed_ms=0 ts_ms=1783666163987
stwo JIT: compile start component=cairo_air::components::range_check_20::Eval kernel=stwo_jit_fused_f3c5592c25df0a2b semantic_hash=f3c5592c25df0a2b cache_key=fde450a0c79effe4 instrs=137 source_bytes=14375 rc_base=0 relax_opt=false ts_ms=1783666163987
stwo JIT: AOT pack hit kernel=stwo_jit_fused_f3c5592c25df0a2b key=fde450a0c79effe4 (embedded sm_90 cubin)
stwo JIT: compile+launch end component=cairo_air::components::range_check_20::Eval kernels=1 elapsed_ms=1 ts_ms=1783666163988
stwo JIT: codegen start component=cairo_air::components::range_check_4_3::Eval ts_ms=1783666163989
stwo JIT: codegen end component=cairo_air::components::range_check_4_3::Eval kernels=1 total_instrs=32 elapsed_ms=0 ts_ms=1783666163989
stwo JIT: compile start component=cairo_air::components::range_check_4_3::Eval kernel=stwo_jit_fused_bfbf5a8a40591289 semantic_hash=bfbf5a8a40591289 cache_key=785f1d2fda1ea922 instrs=32 source_bytes=8657 rc_base=0 relax_opt=false ts_ms=1783666163989
stwo JIT: AOT pack hit kernel=stwo_jit_fused_bfbf5a8a40591289 key=785f1d2fda1ea922 (embedded sm_90 cubin)
stwo JIT: compile+launch end component=cairo_air::components::range_check_4_3::Eval kernels=1 elapsed_ms=1 ts_ms=1783666163990
stwo JIT: codegen start component=cairo_air::components::range_check_4_4::Eval ts_ms=1783666163990
stwo JIT: codegen end component=cairo_air::components::range_check_4_4::Eval kernels=1 total_instrs=32 elapsed_ms=0 ts_ms=1783666163990
stwo JIT: compile start component=cairo_air::components::range_check_4_4::Eval kernel=stwo_jit_fused_bfbf5a8a40591289 semantic_hash=bfbf5a8a40591289 cache_key=785f1d2fda1ea922 instrs=32 source_bytes=8657 rc_base=0 relax_opt=false ts_ms=1783666163990
stwo JIT: compile+launch end component=cairo_air::components::range_check_4_4::Eval kernels=1 elapsed_ms=0 ts_ms=1783666163990
stwo JIT: codegen start component=cairo_air::components::range_check_9_9::Eval ts_ms=1783666163990
stwo JIT: codegen end component=cairo_air::components::range_check_9_9::Eval kernels=1 total_instrs=170 elapsed_ms=0 ts_ms=1783666163990
stwo JIT: compile start component=cairo_air::components::range_check_9_9::Eval kernel=stwo_jit_fused_90ffbc48bba4e133 semantic_hash=90ffbc48bba4e133 cache_key=49615d8c7e35be8c instrs=170 source_bytes=15758 rc_base=0 relax_opt=false ts_ms=1783666163990
stwo JIT: AOT pack hit kernel=stwo_jit_fused_90ffbc48bba4e133 key=49615d8c7e35be8c (embedded sm_90 cubin)
stwo JIT: compile+launch end component=cairo_air::components::range_check_9_9::Eval kernels=1 elapsed_ms=1 ts_ms=1783666163991
stwo JIT: codegen start component=cairo_air::components::range_check_7_2_5::Eval ts_ms=1783666163991
stwo JIT: codegen end component=cairo_air::components::range_check_7_2_5::Eval kernels=1 total_instrs=37 elapsed_ms=0 ts_ms=1783666163991
stwo JIT: compile start component=cairo_air::components::range_check_7_2_5::Eval kernel=stwo_jit_fused_b6da13dc52c21465 semantic_hash=b6da13dc52c21465 cache_key=7e0b6c8348014c9a instrs=37 source_bytes=8907 rc_base=0 relax_opt=false ts_ms=1783666163992
stwo JIT: AOT pack hit kernel=stwo_jit_fused_b6da13dc52c21465 key=7e0b6c8348014c9a (embedded sm_90 cubin)
stwo JIT: compile+launch end component=cairo_air::components::range_check_7_2_5::Eval kernels=1 elapsed_ms=1 ts_ms=1783666163993
stwo JIT: codegen start component=cairo_air::components::range_check_3_6_6_3::Eval ts_ms=1783666163993
stwo JIT: codegen end component=cairo_air::components::range_check_3_6_6_3::Eval kernels=1 total_instrs=42 elapsed_ms=0 ts_ms=1783666163993
stwo JIT: compile start component=cairo_air::components::range_check_3_6_6_3::Eval kernel=stwo_jit_fused_8bfe46e1447d7e33 semantic_hash=8bfe46e1447d7e33 cache_key=7427d3ae2749288a instrs=42 source_bytes=9157 rc_base=0 relax_opt=false ts_ms=1783666163993
stwo JIT: AOT pack hit kernel=stwo_jit_fused_8bfe46e1447d7e33 key=7427d3ae2749288a (embedded sm_90 cubin)
stwo JIT: compile+launch end component=cairo_air::components::range_check_3_6_6_3::Eval kernels=1 elapsed_ms=1 ts_ms=1783666163994
stwo JIT: codegen start component=cairo_air::components::range_check_4_4_4_4::Eval ts_ms=1783666163994
stwo JIT: codegen end component=cairo_air::components::range_check_4_4_4_4::Eval kernels=1 total_instrs=42 elapsed_ms=0 ts_ms=1783666163994
stwo JIT: compile start component=cairo_air::components::range_check_4_4_4_4::Eval kernel=stwo_jit_fused_8bfe46e1447d7e33 semantic_hash=8bfe46e1447d7e33 cache_key=7427d3ae2749288a instrs=42 source_bytes=9157 rc_base=0 relax_opt=false ts_ms=1783666163994
stwo JIT: compile+launch end component=cairo_air::components::range_check_4_4_4_4::Eval kernels=1 elapsed_ms=0 ts_ms=1783666163994
stwo JIT: codegen start component=cairo_air::components::range_check_3_3_3_3_3::Eval ts_ms=1783666163994
stwo JIT: codegen end component=cairo_air::components::range_check_3_3_3_3_3::Eval kernels=1 total_instrs=47 elapsed_ms=0 ts_ms=1783666163994
stwo JIT: compile start component=cairo_air::components::range_check_3_3_3_3_3::Eval kernel=stwo_jit_fused_264153f324dfa389 semantic_hash=264153f324dfa389 cache_key=08e5448d4cd611c0 instrs=47 source_bytes=9407 rc_base=0 relax_opt=false ts_ms=1783666163994
stwo JIT: AOT pack hit kernel=stwo_jit_fused_264153f324dfa389 key=08e5448d4cd611c0 (embedded sm_90 cubin)
stwo JIT: compile+launch end component=cairo_air::components::range_check_3_3_3_3_3::Eval kernels=1 elapsed_ms=1 ts_ms=1783666163996
stwo JIT: codegen start component=cairo_air::components::verify_bitwise_xor_4::Eval ts_ms=1783666163996
stwo JIT: codegen end component=cairo_air::components::verify_bitwise_xor_4::Eval kernels=1 total_instrs=37 elapsed_ms=0 ts_ms=1783666163996
stwo JIT: compile start component=cairo_air::components::verify_bitwise_xor_4::Eval kernel=stwo_jit_fused_b6da13dc52c21465 semantic_hash=b6da13dc52c21465 cache_key=7e0b6c8348014c9a instrs=37 source_bytes=8907 rc_base=0 relax_opt=false ts_ms=1783666163996
stwo JIT: compile+launch end component=cairo_air::components::verify_bitwise_xor_4::Eval kernels=1 elapsed_ms=0 ts_ms=1783666163996
stwo JIT: codegen start component=cairo_air::components::verify_bitwise_xor_7::Eval ts_ms=1783666163996
stwo JIT: codegen end component=cairo_air::components::verify_bitwise_xor_7::Eval kernels=1 total_instrs=37 elapsed_ms=0 ts_ms=1783666163996
stwo JIT: compile start component=cairo_air::components::verify_bitwise_xor_7::Eval kernel=stwo_jit_fused_b6da13dc52c21465 semantic_hash=b6da13dc52c21465 cache_key=7e0b6c8348014c9a instrs=37 source_bytes=8907 rc_base=0 relax_opt=false ts_ms=1783666163996
stwo JIT: compile+launch end component=cairo_air::components::verify_bitwise_xor_7::Eval kernels=1 elapsed_ms=0 ts_ms=1783666163996
stwo JIT: codegen start component=cairo_air::components::verify_bitwise_xor_8::Eval ts_ms=1783666163996
stwo JIT: codegen end component=cairo_air::components::verify_bitwise_xor_8::Eval kernels=1 total_instrs=59 elapsed_ms=0 ts_ms=1783666163996
stwo JIT: compile start component=cairo_air::components::verify_bitwise_xor_8::Eval kernel=stwo_jit_fused_ad13f4b2c221bfc7 semantic_hash=ad13f4b2c221bfc7 cache_key=2d7a146fd5a09609 instrs=59 source_bytes=9813 rc_base=0 relax_opt=false ts_ms=1783666163996
stwo JIT: AOT pack hit kernel=stwo_jit_fused_ad13f4b2c221bfc7 key=2d7a146fd5a09609 (embedded sm_90 cubin)
stwo JIT: compile+launch end component=cairo_air::components::verify_bitwise_xor_8::Eval kernels=1 elapsed_ms=1 ts_ms=1783666163997
stwo JIT: codegen start component=cairo_air::components::verify_bitwise_xor_9::Eval ts_ms=1783666163997
stwo JIT: codegen end component=cairo_air::components::verify_bitwise_xor_9::Eval kernels=1 total_instrs=37 elapsed_ms=0 ts_ms=1783666163997
stwo JIT: compile start component=cairo_air::components::verify_bitwise_xor_9::Eval kernel=stwo_jit_fused_b6da13dc52c21465 semantic_hash=b6da13dc52c21465 cache_key=7e0b6c8348014c9a instrs=37 source_bytes=8907 rc_base=0 relax_opt=false ts_ms=1783666163997
stwo JIT: compile+launch end component=cairo_air::components::verify_bitwise_xor_9::Eval kernels=1 elapsed_ms=0 ts_ms=1783666163997
vram_phase[stark_core]: used_high=37.52GB reserved_high=43.35GB
rep=0 prove_s=7.426
jit_prove[jump_opcode_rel]: device witness 903 real rows (log_size 10) in 53.4 ms
jit_prove[jump_opcode_double_deref]: device witness 358 real rows (log_size 9) in 57.3 ms
jit_prove[jnz_opcode_non_taken]: device witness 115005 real rows (log_size 17) in 58.9 ms
jit_prove[call_opcode_abs]: device witness 359 real rows (log_size 9) in 64.9 ms
jit_prove[assert_eq_opcode]: device witness 957056 real rows (log_size 20) in 70.6 ms
jit_prove[call_opcode_rel_imm]: device witness 258007 real rows (log_size 18) in 71.1 ms
jit_prove[assert_eq_opcode_imm]: device witness 478552 real rows (log_size 19) in 83.1 ms
jit_prove[jump_opcode_rel_imm]: device witness 356937 real rows (log_size 19) in 83.1 ms
jit_prove[ret_opcode]: device witness 258366 real rows (log_size 18) in 83.2 ms
jit_prove[add_ap_opcode]: device witness 402083 real rows (log_size 19) in 90.4 ms
jit_prove[mul_opcode]: device witness 130858 real rows (log_size 17) in 100.9 ms
jit_prove[jump_opcode_rel]: device mem count feed merged 2 families
jit_prove[mul_opcode_small]: device witness 379774 real rows (log_size 19) in 119.2 ms
jit_prove[add_opcode]: device witness 651967 real rows (log_size 20) in 129.1 ms
jit_prove[jump_opcode_double_deref]: device mem count feed merged 2 families
jit_prove[call_opcode_abs]: device mem count feed merged 2 families
jit_prove[assert_eq_opcode]: device mem count feed merged 1 families
jit_prove[jnz_opcode_taken]: device witness 569029 real rows (log_size 20) in 149.7 ms
jit_prove[assert_eq_opcode_imm]: device mem count feed merged 1 families
jit_prove[jnz_opcode_non_taken]: device mem count feed merged 2 families
jit_prove[assert_eq_opcode_double_deref]: device witness 1798509 real rows (log_size 21) in 160.1 ms
jit_prove[jump_opcode_rel_imm]: device mem count feed merged 2 families
jit_prove[ret_opcode]: device mem count feed merged 2 families
jit_prove[call_opcode_rel_imm]: device mem count feed merged 2 families
jit_prove[add_ap_opcode]: device count feed merged 5 relation families
jit_prove[assert_eq_opcode_double_deref]: device mem count feed merged 2 families
jit_prove[blake_compress_opcode]: device witness 40143 real rows (log_size 16) in 188.8 ms
jit_prove[blake_compress_opcode]: device count feed merged 4 relation families
jit_prove[add_opcode]: device mem count feed merged 2 families
jit_prove[mul_opcode_small]: device count feed merged 4 relation families
jit_prove[jnz_opcode_taken]: device mem count feed merged 2 families
jit_prove[mul_opcode]: device count feed merged 4 relation families
jit_prove[blake_compress_opcode]: stashed device edge for blake_round (host recovery mirror retained)
jit_prove[add_opcode_small]: device witness 1579491 real rows (log_size 21) in 298.6 ms
jit_prove[add_opcode_small]: device mem count feed merged 2 families
jit_prove[blake_round]: device witness 655360 real rows (log_size 20) in 5.2 ms
jit_prove[verify_instruction]: device witness 51638 real rows (log_size 16) in 5.9 ms
jit_prove[verify_instruction]: device count feed merged 4 relation families
jit_prove[blake_round]: device count feed merged 5 relation families
jit_prove[blake_round]: stashed device edge for blake_g (host recovery mirror skipped)
jit_prove[triple_xor_32]: device witness 524288 real rows (log_size 19) in 26.8 ms
jit_prove[pedersen_aggregator_window_bits_18]: device witness 18258 real rows (log_size 15) in 4.2 ms
jit_prove[pedersen_aggregator_window_bits_18]: device count feed merged 3 relation families
jit_prove[pedersen_aggregator_window_bits_18]: stashed device edge for partial_ec_mul_window_bits_18 (host recovery mirror skipped)
jit_prove[partial_ec_mul_window_bits_18]: device witness 917504 real rows (log_size 20) in 7.7 ms
jit_prove[partial_ec_mul_window_bits_18]: device count feed merged 3 relation families
jit_prove[cube_252]: device witness 499712 real rows (log_size 19) in 3.2 ms
jit_prove[cube_252]: device count feed merged 2 relation families
jit_prove[partial_ec_mul_generic]: device witness 258048 real rows (log_size 18) in 15.0 ms
jit_prove[range_check_252_width_27]: device witness 401408 real rows (log_size 19) in 29.5 ms
jit_prove[range_check_252_width_27]: device count feed merged 2 relation families
jit_prove[partial_ec_mul_generic]: device count feed merged 3 relation families
vram_phase[witness]: used_high=34.17GB reserved_high=43.35GB
vram_phase[preprocessed_tree]: used_high=29.45GB reserved_high=43.35GB
vram_phase[base_commit]: used_high=43.46GB reserved_high=43.49GB
jit_interaction[add_opcode]: device logup 1048576 rows x 5 cols in 1.7 ms
jit_interaction[add_opcode_small]: device logup 2097152 rows x 5 cols in 2.8 ms
jit_interaction[add_ap_opcode]: device logup 524288 rows x 4 cols in 1.1 ms
jit_interaction[assert_eq_opcode]: device logup 1048576 rows x 3 cols in 0.9 ms
jit_interaction[assert_eq_opcode_imm]: device logup 524288 rows x 3 cols in 0.8 ms
jit_interaction[assert_eq_opcode_double_deref]: device logup 2097152 rows x 4 cols in 2.0 ms
jit_interaction[blake_compress_opcode]: device logup 65536 rows x 37 cols in 2.5 ms
jit_interaction[call_opcode_abs]: device logup 512 rows x 5 cols in 0.4 ms
jit_interaction[call_opcode_rel_imm]: device logup 262144 rows x 5 cols in 0.6 ms
jit_interaction[jnz_opcode_non_taken]: device logup 131072 rows x 3 cols in 0.4 ms
jit_interaction[jnz_opcode_taken]: device logup 1048576 rows x 4 cols in 1.3 ms
jit_interaction[jump_opcode_double_deref]: device logup 512 rows x 4 cols in 0.6 ms
jit_interaction[jump_opcode_rel]: device logup 1024 rows x 3 cols in 0.3 ms
jit_interaction[jump_opcode_rel_imm]: device logup 524288 rows x 3 cols in 0.6 ms
jit_interaction[mul_opcode]: device logup 131072 rows x 19 cols in 1.3 ms
jit_interaction[mul_opcode_small]: device logup 524288 rows x 6 cols in 1.1 ms
jit_interaction[ret_opcode]: device logup 262144 rows x 4 cols in 0.7 ms
jit_interaction[verify_instruction]: device logup 65536 rows x 3 cols in 0.4 ms
jit_interaction[blake_round]: device logup 1048576 rows x 30 cols in 8.7 ms
jit_interaction[triple_xor_32]: device logup 524288 rows x 5 cols in 0.8 ms
jit_interaction[partial_ec_mul_generic]: device logup 262144 rows x 157 cols in 10.2 ms
jit_interaction[pedersen_aggregator_window_bits_18]: device logup 32768 rows x 6 cols in 0.6 ms
jit_interaction[partial_ec_mul_window_bits_18]: device logup 1048576 rows x 65 cols in 12.2 ms
jit_interaction[cube_252]: device logup 524288 rows x 50 cols in 5.2 ms
jit_interaction[range_check_252_width_27]: device logup 524288 rows x 8 cols in 1.0 ms
vram_phase[interaction_write]: used_high=39.54GB reserved_high=43.49GB
vram_phase[interaction_commit]: used_high=39.72GB reserved_high=43.49GB
stwo JIT: codegen start component=cairo_air::components::add_opcode::Eval ts_ms=1783666169862
stwo JIT: codegen end component=cairo_air::components::add_opcode::Eval kernels=1 total_instrs=906 elapsed_ms=0 ts_ms=1783666169862
stwo JIT: compile start component=cairo_air::components::add_opcode::Eval kernel=stwo_jit_fused_c4fc2550c1ac56b8 semantic_hash=c4fc2550c1ac56b8 cache_key=fed62507369c1c00 instrs=906 source_bytes=52115 rc_base=0 relax_opt=false ts_ms=1783666169862
stwo JIT: compile+launch end component=cairo_air::components::add_opcode::Eval kernels=1 elapsed_ms=0 ts_ms=1783666169862
stwo JIT: codegen start component=cairo_air::components::add_opcode_small::Eval ts_ms=1783666169866
stwo JIT: codegen end component=cairo_air::components::add_opcode_small::Eval kernels=1 total_instrs=771 elapsed_ms=0 ts_ms=1783666169866
stwo JIT: compile start component=cairo_air::components::add_opcode_small::Eval kernel=stwo_jit_fused_f2af531532ff03c4 semantic_hash=f2af531532ff03c4 cache_key=8668572a11b345db instrs=771 source_bytes=42620 rc_base=0 relax_opt=false ts_ms=1783666169866
stwo JIT: compile+launch end component=cairo_air::components::add_opcode_small::Eval kernels=1 elapsed_ms=0 ts_ms=1783666169866
stwo JIT: codegen start component=cairo_air::components::add_ap_opcode::Eval ts_ms=1783666169872
stwo JIT: codegen end component=cairo_air::components::add_ap_opcode::Eval kernels=1 total_instrs=361 elapsed_ms=0 ts_ms=1783666169872
stwo JIT: compile start component=cairo_air::components::add_ap_opcode::Eval kernel=stwo_jit_fused_38f2f1291bb6bc30 semantic_hash=38f2f1291bb6bc30 cache_key=a8a79235f2296029 instrs=361 source_bytes=24010 rc_base=0 relax_opt=false ts_ms=1783666169872
stwo JIT: compile+launch end component=cairo_air::components::add_ap_opcode::Eval kernels=1 elapsed_ms=0 ts_ms=1783666169872
stwo JIT: codegen start component=cairo_air::components::assert_eq_opcode::Eval ts_ms=1783666169872
stwo JIT: codegen end component=cairo_air::components::assert_eq_opcode::Eval kernels=1 total_instrs=189 elapsed_ms=0 ts_ms=1783666169872
stwo JIT: compile start component=cairo_air::components::assert_eq_opcode::Eval kernel=stwo_jit_fused_3f818d142612918f semantic_hash=3f818d142612918f cache_key=705ffc197ad8a3cd instrs=189 source_bytes=16251 rc_base=0 relax_opt=false ts_ms=1783666169872
stwo JIT: compile+launch end component=cairo_air::components::assert_eq_opcode::Eval kernels=1 elapsed_ms=0 ts_ms=1783666169872
stwo JIT: codegen start component=cairo_air::components::assert_eq_opcode_imm::Eval ts_ms=1783666169873
stwo JIT: codegen end component=cairo_air::components::assert_eq_opcode_imm::Eval kernels=1 total_instrs=166 elapsed_ms=0 ts_ms=1783666169873
stwo JIT: compile start component=cairo_air::components::assert_eq_opcode_imm::Eval kernel=stwo_jit_fused_d5393c25fbb2874d semantic_hash=d5393c25fbb2874d cache_key=5212ad8933e14a8a instrs=166 source_bytes=15062 rc_base=0 relax_opt=false ts_ms=1783666169873
stwo JIT: compile+launch end component=cairo_air::components::assert_eq_opcode_imm::Eval kernels=1 elapsed_ms=0 ts_ms=1783666169873
stwo JIT: codegen start component=cairo_air::components::assert_eq_opcode_double_deref::Eval ts_ms=1783666169873
stwo JIT: codegen end component=cairo_air::components::assert_eq_opcode_double_deref::Eval kernels=1 total_instrs=266 elapsed_ms=0 ts_ms=1783666169873
stwo JIT: compile start component=cairo_air::components::assert_eq_opcode_double_deref::Eval kernel=stwo_jit_fused_e76fc7d452b58068 semantic_hash=e76fc7d452b58068 cache_key=81ae81db7a3e5faa instrs=266 source_bytes=20187 rc_base=0 relax_opt=false ts_ms=1783666169873
stwo JIT: compile+launch end component=cairo_air::components::assert_eq_opcode_double_deref::Eval kernels=1 elapsed_ms=0 ts_ms=1783666169873
stwo JIT: codegen start component=cairo_air::components::blake_compress_opcode::Eval ts_ms=1783666169875
stwo JIT: codegen end component=cairo_air::components::blake_compress_opcode::Eval kernels=2 total_instrs=3572 elapsed_ms=1 ts_ms=1783666169876
stwo JIT: compile start component=cairo_air::components::blake_compress_opcode::Eval kernel=stwo_jit_fused_5ac117800a3f6cd0 semantic_hash=5ac117800a3f6cd0 cache_key=971352f32bfae829 instrs=2006 source_bytes=101277 rc_base=0 relax_opt=false ts_ms=1783666169876
stwo JIT: compile start component=cairo_air::components::blake_compress_opcode::Eval kernel=stwo_jit_fused_9fc7a29ec077c2f0 semantic_hash=9fc7a29ec077c2f0 cache_key=2986e57f8d528c25 instrs=1566 source_bytes=80940 rc_base=35 relax_opt=false ts_ms=1783666169876
stwo JIT: compile+launch end component=cairo_air::components::blake_compress_opcode::Eval kernels=2 elapsed_ms=0 ts_ms=1783666169876
stwo JIT: codegen start component=cairo_air::components::call_opcode_abs::Eval ts_ms=1783666169878
stwo JIT: codegen end component=cairo_air::components::call_opcode_abs::Eval kernels=1 total_instrs=360 elapsed_ms=0 ts_ms=1783666169878
stwo JIT: compile start component=cairo_air::components::call_opcode_abs::Eval kernel=stwo_jit_fused_aaec7bbec10eedef semantic_hash=aaec7bbec10eedef cache_key=7d894a40fc4241f2 instrs=360 source_bytes=24610 rc_base=0 relax_opt=false ts_ms=1783666169878
stwo JIT: compile+launch end component=cairo_air::components::call_opcode_abs::Eval kernels=1 elapsed_ms=0 ts_ms=1783666169878
stwo JIT: codegen start component=cairo_air::components::call_opcode_rel_imm::Eval ts_ms=1783666169878
stwo JIT: codegen end component=cairo_air::components::call_opcode_rel_imm::Eval kernels=1 total_instrs=449 elapsed_ms=0 ts_ms=1783666169878
stwo JIT: compile start component=cairo_air::components::call_opcode_rel_imm::Eval kernel=stwo_jit_fused_f3770d28731e9baf semantic_hash=f3770d28731e9baf cache_key=d2d25df5e625d8a2 instrs=449 source_bytes=28120 rc_base=0 relax_opt=false ts_ms=1783666169878
stwo JIT: compile+launch end component=cairo_air::components::call_opcode_rel_imm::Eval kernels=1 elapsed_ms=0 ts_ms=1783666169878
stwo JIT: codegen start component=cairo_air::components::jnz_opcode_non_taken::Eval ts_ms=1783666169878
stwo JIT: codegen end component=cairo_air::components::jnz_opcode_non_taken::Eval kernels=1 total_instrs=216 elapsed_ms=0 ts_ms=1783666169878
stwo JIT: compile start component=cairo_air::components::jnz_opcode_non_taken::Eval kernel=stwo_jit_fused_ccbb8d139930365e semantic_hash=ccbb8d139930365e cache_key=3013fa5230eaf1ee instrs=216 source_bytes=16928 rc_base=0 relax_opt=false ts_ms=1783666169878
stwo JIT: compile+launch end component=cairo_air::components::jnz_opcode_non_taken::Eval kernels=1 elapsed_ms=0 ts_ms=1783666169879
stwo JIT: codegen start component=cairo_air::components::jnz_opcode_taken::Eval ts_ms=1783666169879
stwo JIT: codegen end component=cairo_air::components::jnz_opcode_taken::Eval kernels=1 total_instrs=542 elapsed_ms=0 ts_ms=1783666169879
stwo JIT: compile start component=cairo_air::components::jnz_opcode_taken::Eval kernel=stwo_jit_fused_bc762e9e3f2cfaf7 semantic_hash=bc762e9e3f2cfaf7 cache_key=7f00fb95f868ccf4 instrs=542 source_bytes=32590 rc_base=0 relax_opt=false ts_ms=1783666169879
stwo JIT: compile+launch end component=cairo_air::components::jnz_opcode_taken::Eval kernels=1 elapsed_ms=0 ts_ms=1783666169879
stwo JIT: codegen start component=cairo_air::components::jump_opcode_double_deref::Eval ts_ms=1783666169881
stwo JIT: codegen end component=cairo_air::components::jump_opcode_double_deref::Eval kernels=1 total_instrs=285 elapsed_ms=0 ts_ms=1783666169881
stwo JIT: compile start component=cairo_air::components::jump_opcode_double_deref::Eval kernel=stwo_jit_fused_f11bb80fb8ef9dac semantic_hash=f11bb80fb8ef9dac cache_key=77297d9ebda26715 instrs=285 source_bytes=20906 rc_base=0 relax_opt=false ts_ms=1783666169881
stwo JIT: compile+launch end component=cairo_air::components::jump_opcode_double_deref::Eval kernels=1 elapsed_ms=0 ts_ms=1783666169881
stwo JIT: codegen start component=cairo_air::components::jump_opcode_rel::Eval ts_ms=1783666169881
stwo JIT: codegen end component=cairo_air::components::jump_opcode_rel::Eval kernels=1 total_instrs=321 elapsed_ms=0 ts_ms=1783666169881
stwo JIT: compile start component=cairo_air::components::jump_opcode_rel::Eval kernel=stwo_jit_fused_80d573ea5cb70558 semantic_hash=80d573ea5cb70558 cache_key=1c70181a9a16680c instrs=321 source_bytes=21839 rc_base=0 relax_opt=false ts_ms=1783666169881
stwo JIT: compile+launch end component=cairo_air::components::jump_opcode_rel::Eval kernels=1 elapsed_ms=0 ts_ms=1783666169881
stwo JIT: codegen start component=cairo_air::components::jump_opcode_rel_imm::Eval ts_ms=1783666169881
stwo JIT: codegen end component=cairo_air::components::jump_opcode_rel_imm::Eval kernels=1 total_instrs=293 elapsed_ms=0 ts_ms=1783666169881
stwo JIT: compile start component=cairo_air::components::jump_opcode_rel_imm::Eval kernel=stwo_jit_fused_23630e2413ed4300 semantic_hash=23630e2413ed4300 cache_key=eeb49ef87a4c7c9f instrs=293 source_bytes=20371 rc_base=0 relax_opt=false ts_ms=1783666169881
stwo JIT: compile+launch end component=cairo_air::components::jump_opcode_rel_imm::Eval kernels=1 elapsed_ms=0 ts_ms=1783666169881
stwo JIT: codegen start component=cairo_air::components::mul_opcode::Eval ts_ms=1783666169882
stwo JIT: codegen end component=cairo_air::components::mul_opcode::Eval kernels=2 total_instrs=2713 elapsed_ms=0 ts_ms=1783666169882
stwo JIT: compile start component=cairo_air::components::mul_opcode::Eval kernel=stwo_jit_fused_330b6ac3795548e2 semantic_hash=330b6ac3795548e2 cache_key=566e541878630fa5 instrs=2011 source_bytes=92497 rc_base=0 relax_opt=false ts_ms=1783666169882
stwo JIT: compile start component=cairo_air::components::mul_opcode::Eval kernel=stwo_jit_fused_6a86368213950a80 semantic_hash=6a86368213950a80 cache_key=fbe0ec35d7227d64 instrs=702 source_bytes=43559 rc_base=42 relax_opt=false ts_ms=1783666169882
stwo JIT: compile+launch end component=cairo_air::components::mul_opcode::Eval kernels=2 elapsed_ms=0 ts_ms=1783666169882
stwo JIT: codegen start component=cairo_air::components::mul_opcode_small::Eval ts_ms=1783666169884
stwo JIT: codegen end component=cairo_air::components::mul_opcode_small::Eval kernels=1 total_instrs=474 elapsed_ms=0 ts_ms=1783666169884
stwo JIT: compile start component=cairo_air::components::mul_opcode_small::Eval kernel=stwo_jit_fused_df7268f8d131b2aa semantic_hash=df7268f8d131b2aa cache_key=0e5d5e4ce6ec6b93 instrs=474 source_bytes=30690 rc_base=0 relax_opt=false ts_ms=1783666169884
stwo JIT: compile+launch end component=cairo_air::components::mul_opcode_small::Eval kernels=1 elapsed_ms=0 ts_ms=1783666169884
stwo JIT: codegen start component=cairo_air::components::ret_opcode::Eval ts_ms=1783666169885
stwo JIT: codegen end component=cairo_air::components::ret_opcode::Eval kernels=1 total_instrs=246 elapsed_ms=0 ts_ms=1783666169885
stwo JIT: compile start component=cairo_air::components::ret_opcode::Eval kernel=stwo_jit_fused_4a840241ace6b1ce semantic_hash=4a840241ace6b1ce cache_key=cad46594598ea494 instrs=246 source_bytes=18919 rc_base=0 relax_opt=false ts_ms=1783666169885
stwo JIT: compile+launch end component=cairo_air::components::ret_opcode::Eval kernels=1 elapsed_ms=0 ts_ms=1783666169885
stwo JIT: codegen start component=cairo_air::components::verify_instruction::Eval ts_ms=1783666169885
stwo JIT: codegen end component=cairo_air::components::verify_instruction::Eval kernels=1 total_instrs=238 elapsed_ms=0 ts_ms=1783666169885
stwo JIT: compile start component=cairo_air::components::verify_instruction::Eval kernel=stwo_jit_fused_598b3f5cd7a508ff semantic_hash=598b3f5cd7a508ff cache_key=3d4047fe93d01090 instrs=238 source_bytes=18266 rc_base=0 relax_opt=false ts_ms=1783666169885
stwo JIT: compile+launch end component=cairo_air::components::verify_instruction::Eval kernels=1 elapsed_ms=0 ts_ms=1783666169885
stwo JIT: codegen start component=cairo_air::components::blake_round::Eval ts_ms=1783666169885
stwo JIT: codegen end component=cairo_air::components::blake_round::Eval kernels=2 total_instrs=3468 elapsed_ms=0 ts_ms=1783666169886
stwo JIT: compile start component=cairo_air::components::blake_round::Eval kernel=stwo_jit_fused_e327583d108f9be2 semantic_hash=e327583d108f9be2 cache_key=0cc121e2d56bda89 instrs=2047 source_bytes=100621 rc_base=0 relax_opt=false ts_ms=1783666169886
stwo JIT: compile start component=cairo_air::components::blake_round::Eval kernel=stwo_jit_fused_d8c01f1a61a70266 semantic_hash=d8c01f1a61a70266 cache_key=eac25c9e774849d9 instrs=1421 source_bytes=74752 rc_base=23 relax_opt=false ts_ms=1783666169886
stwo JIT: compile+launch end component=cairo_air::components::blake_round::Eval kernels=2 elapsed_ms=0 ts_ms=1783666169886
stwo JIT: codegen start component=cairo_air::components::blake_g::Eval ts_ms=1783666169910
stwo JIT: codegen end component=cairo_air::components::blake_g::Eval kernels=1 total_instrs=685 elapsed_ms=0 ts_ms=1783666169911
stwo JIT: compile start component=cairo_air::components::blake_g::Eval kernel=stwo_jit_fused_85bc7442abcf3b0a semantic_hash=85bc7442abcf3b0a cache_key=beb87a7bcb35fdfe instrs=685 source_bytes=39888 rc_base=0 relax_opt=false ts_ms=1783666169911
stwo JIT: compile+launch end component=cairo_air::components::blake_g::Eval kernels=1 elapsed_ms=0 ts_ms=1783666169911
stwo JIT: codegen start component=cairo_air::components::blake_round_sigma::Eval ts_ms=1783666169935
stwo JIT: codegen end component=cairo_air::components::blake_round_sigma::Eval kernels=1 total_instrs=107 elapsed_ms=0 ts_ms=1783666169935
stwo JIT: compile start component=cairo_air::components::blake_round_sigma::Eval kernel=stwo_jit_fused_dc512e9aef7f81c9 semantic_hash=dc512e9aef7f81c9 cache_key=35fe95ac7e0206d7 instrs=107 source_bytes=12477 rc_base=0 relax_opt=false ts_ms=1783666169935
stwo JIT: compile+launch end component=cairo_air::components::blake_round_sigma::Eval kernels=1 elapsed_ms=0 ts_ms=1783666169935
stwo JIT: codegen start component=cairo_air::components::triple_xor_32::Eval ts_ms=1783666169935
stwo JIT: codegen end component=cairo_air::components::triple_xor_32::Eval kernels=1 total_instrs=277 elapsed_ms=0 ts_ms=1783666169935
stwo JIT: compile start component=cairo_air::components::triple_xor_32::Eval kernel=stwo_jit_fused_604bf5992fe4faf1 semantic_hash=604bf5992fe4faf1 cache_key=4edcbfbe690d89f5 instrs=277 source_bytes=20572 rc_base=0 relax_opt=false ts_ms=1783666169935
stwo JIT: compile+launch end component=cairo_air::components::triple_xor_32::Eval kernels=1 elapsed_ms=0 ts_ms=1783666169935
stwo JIT: codegen start component=cairo_air::components::verify_bitwise_xor_12::Eval ts_ms=1783666169936
stwo JIT: codegen end component=cairo_air::components::verify_bitwise_xor_12::Eval kernels=1 total_instrs=490 elapsed_ms=0 ts_ms=1783666169936
stwo JIT: compile start component=cairo_air::components::verify_bitwise_xor_12::Eval kernel=stwo_jit_fused_73ad4f300b5c03b9 semantic_hash=73ad4f300b5c03b9 cache_key=c27640c48e579b6a instrs=490 source_bytes=29507 rc_base=0 relax_opt=false ts_ms=1783666169936
stwo JIT: compile+launch end component=cairo_air::components::verify_bitwise_xor_12::Eval kernels=1 elapsed_ms=0 ts_ms=1783666169936
stwo JIT: codegen start component=cairo_air::components::bitwise_builtin::Eval ts_ms=1783666169937
stwo JIT: codegen end component=cairo_air::components::bitwise_builtin::Eval kernels=1 total_instrs=1602 elapsed_ms=0 ts_ms=1783666169937
stwo JIT: compile start component=cairo_air::components::bitwise_builtin::Eval kernel=stwo_jit_fused_e01e51aece8601a3 semantic_hash=e01e51aece8601a3 cache_key=841ad730275bfa31 instrs=1602 source_bytes=81155 rc_base=0 relax_opt=false ts_ms=1783666169937
stwo JIT: compile+launch end component=cairo_air::components::bitwise_builtin::Eval kernels=1 elapsed_ms=0 ts_ms=1783666169938
stwo JIT: codegen start component=cairo_air::components::pedersen_builtin::Eval ts_ms=1783666169938
stwo JIT: codegen end component=cairo_air::components::pedersen_builtin::Eval kernels=1 total_instrs=96 elapsed_ms=0 ts_ms=1783666169938
stwo JIT: compile start component=cairo_air::components::pedersen_builtin::Eval kernel=stwo_jit_fused_be5c30c37e524bca semantic_hash=be5c30c37e524bca cache_key=d0b91fb3d8655fb8 instrs=96 source_bytes=11332 rc_base=0 relax_opt=false ts_ms=1783666169938
stwo JIT: compile+launch end component=cairo_air::components::pedersen_builtin::Eval kernels=1 elapsed_ms=0 ts_ms=1783666169938
stwo JIT: codegen start component=cairo_air::components::poseidon_builtin::Eval ts_ms=1783666169938
stwo JIT: codegen end component=cairo_air::components::poseidon_builtin::Eval kernels=1 total_instrs=173 elapsed_ms=0 ts_ms=1783666169938
stwo JIT: compile start component=cairo_air::components::poseidon_builtin::Eval kernel=stwo_jit_fused_8e66c31ce70ae6d9 semantic_hash=8e66c31ce70ae6d9 cache_key=27cc85376e0a84db instrs=173 source_bytes=15072 rc_base=0 relax_opt=false ts_ms=1783666169938
stwo JIT: compile+launch end component=cairo_air::components::poseidon_builtin::Eval kernels=1 elapsed_ms=0 ts_ms=1783666169938
stwo JIT: codegen start component=cairo_air::components::range_check_builtin::Eval ts_ms=1783666169938
stwo JIT: codegen end component=cairo_air::components::range_check_builtin::Eval kernels=1 total_instrs=135 elapsed_ms=0 ts_ms=1783666169938
stwo JIT: compile start component=cairo_air::components::range_check_builtin::Eval kernel=stwo_jit_fused_dce8d7630af46180 semantic_hash=dce8d7630af46180 cache_key=d38a1ebe1395b88d instrs=135 source_bytes=13561 rc_base=0 relax_opt=false ts_ms=1783666169938
stwo JIT: compile+launch end component=cairo_air::components::range_check_builtin::Eval kernels=1 elapsed_ms=0 ts_ms=1783666169938
stwo JIT: codegen start component=cairo_air::components::ec_op_builtin::Eval ts_ms=1783666169938
stwo JIT: codegen end component=cairo_air::components::ec_op_builtin::Eval kernels=2 total_instrs=2598 elapsed_ms=0 ts_ms=1783666169939
stwo JIT: compile start component=cairo_air::components::ec_op_builtin::Eval kernel=stwo_jit_fused_345e19f8123887a5 semantic_hash=345e19f8123887a5 cache_key=274f366b0e161aed instrs=954 source_bytes=56290 rc_base=0 relax_opt=false ts_ms=1783666169939
stwo JIT: compile start component=cairo_air::components::ec_op_builtin::Eval kernel=stwo_jit_fused_fb86d96361e4982a semantic_hash=fb86d96361e4982a cache_key=f8145e081a604b88 instrs=1644 source_bytes=88850 rc_base=12 relax_opt=false ts_ms=1783666169939
stwo JIT: compile+launch end component=cairo_air::components::ec_op_builtin::Eval kernels=2 elapsed_ms=0 ts_ms=1783666169939
stwo JIT: codegen start component=cairo_air::components::partial_ec_mul_generic::Eval ts_ms=1783666169939
stwo JIT: codegen end component=cairo_air::components::partial_ec_mul_generic::Eval kernels=11 total_instrs=20334 elapsed_ms=7 ts_ms=1783666169947
stwo JIT: compile start component=cairo_air::components::partial_ec_mul_generic::Eval kernel=stwo_jit_fused_a825a049ba6a952f semantic_hash=a825a049ba6a952f cache_key=938d4c6c79c6c68e instrs=1963 source_bytes=94180 rc_base=0 relax_opt=false ts_ms=1783666169947
stwo JIT: compile start component=cairo_air::components::partial_ec_mul_generic::Eval kernel=stwo_jit_fused_a5a22a904ae7719a semantic_hash=a5a22a904ae7719a cache_key=0d85e62852e65bf1 instrs=2041 source_bytes=93357 rc_base=55 relax_opt=false ts_ms=1783666169947
stwo JIT: compile start component=cairo_air::components::partial_ec_mul_generic::Eval kernel=stwo_jit_fused_fd5f6abc639c7ad3 semantic_hash=fd5f6abc639c7ad3 cache_key=00f8a89b9d11ef90 instrs=1943 source_bytes=101819 rc_base=86 relax_opt=false ts_ms=1783666169947
stwo JIT: compile start component=cairo_air::components::partial_ec_mul_generic::Eval kernel=stwo_jit_fused_49565bc27a55d074 semantic_hash=49565bc27a55d074 cache_key=ef130c4b88f1d0bf instrs=1942 source_bytes=89769 rc_base=167 relax_opt=false ts_ms=1783666169947
stwo JIT: compile start component=cairo_air::components::partial_ec_mul_generic::Eval kernel=stwo_jit_fused_3a940a524062d0a6 semantic_hash=3a940a524062d0a6 cache_key=95cbc777b66614e4 instrs=1969 source_bytes=86758 rc_base=207 relax_opt=false ts_ms=1783666169947
stwo JIT: compile start component=cairo_air::components::partial_ec_mul_generic::Eval kernel=stwo_jit_fused_9927162c86fc449f semantic_hash=9927162c86fc449f cache_key=b52eac7ce08c782d instrs=1934 source_bytes=87320 rc_base=237 relax_opt=false ts_ms=1783666169947
stwo JIT: compile start component=cairo_air::components::partial_ec_mul_generic::Eval kernel=stwo_jit_fused_a80c5d6eff945be0 semantic_hash=a80c5d6eff945be0 cache_key=55e5013d1c80a943 instrs=2048 source_bytes=100081 rc_base=265 relax_opt=false ts_ms=1783666169947
stwo JIT: compile start component=cairo_air::components::partial_ec_mul_generic::Eval kernel=stwo_jit_fused_342c812094c790bf semantic_hash=342c812094c790bf cache_key=eca6e39dfa7fda85 instrs=2012 source_bytes=115751 rc_base=303 relax_opt=false ts_ms=1783666169947
stwo JIT: compile start component=cairo_air::components::partial_ec_mul_generic::Eval kernel=stwo_jit_fused_f72f80a3f2b92cfe semantic_hash=f72f80a3f2b92cfe cache_key=ba7e655bf934f6ca instrs=2026 source_bytes=117395 rc_base=359 relax_opt=false ts_ms=1783666169947
stwo JIT: compile start component=cairo_air::components::partial_ec_mul_generic::Eval kernel=stwo_jit_fused_229943774e0da851 semantic_hash=229943774e0da851 cache_key=522e1e85e10cfb65 instrs=1170 source_bytes=69007 rc_base=414 relax_opt=false ts_ms=1783666169947
stwo JIT: compile start component=cairo_air::components::partial_ec_mul_generic::Eval kernel=stwo_jit_fused_30f739c2d3c73514 semantic_hash=30f739c2d3c73514 cache_key=9e4eeea66a271785 instrs=1286 source_bytes=73881 rc_base=447 relax_opt=false ts_ms=1783666169947
stwo JIT: compile+launch end component=cairo_air::components::partial_ec_mul_generic::Eval kernels=11 elapsed_ms=0 ts_ms=1783666169947
stwo JIT: codegen start component=cairo_air::components::pedersen_aggregator_window_bits_18::Eval ts_ms=1783666169980
stwo JIT: codegen end component=cairo_air::components::pedersen_aggregator_window_bits_18::Eval kernels=1 total_instrs=1918 elapsed_ms=0 ts_ms=1783666169981
stwo JIT: compile start component=cairo_air::components::pedersen_aggregator_window_bits_18::Eval kernel=stwo_jit_fused_38d89578fcdc1c7c semantic_hash=38d89578fcdc1c7c cache_key=43130551ff46c455 instrs=1918 source_bytes=99637 rc_base=0 relax_opt=false ts_ms=1783666169981
stwo JIT: compile+launch end component=cairo_air::components::pedersen_aggregator_window_bits_18::Eval kernels=1 elapsed_ms=0 ts_ms=1783666169981
stwo JIT: codegen start component=cairo_air::components::partial_ec_mul_window_bits_18::Eval ts_ms=1783666169981
stwo JIT: codegen end component=cairo_air::components::partial_ec_mul_window_bits_18::Eval kernels=5 total_instrs=8904 elapsed_ms=2 ts_ms=1783666169984
stwo JIT: compile start component=cairo_air::components::partial_ec_mul_window_bits_18::Eval kernel=stwo_jit_fused_86a901b804923a10 semantic_hash=86a901b804923a10 cache_key=1ab049f2a1c4ff32 instrs=2041 source_bytes=92272 rc_base=0 relax_opt=false ts_ms=1783666169984
stwo JIT: compile start component=cairo_air::components::partial_ec_mul_window_bits_18::Eval kernel=stwo_jit_fused_88abad321f9b225e semantic_hash=88abad321f9b225e cache_key=bdfea75f60bf42ca instrs=1959 source_bytes=89916 rc_base=31 relax_opt=false ts_ms=1783666169984
stwo JIT: compile start component=cairo_air::components::partial_ec_mul_window_bits_18::Eval kernel=stwo_jit_fused_fafdbb942f7afd88 semantic_hash=fafdbb942f7afd88 cache_key=c2631bd0d61a0e70 instrs=2028 source_bytes=97821 rc_base=59 relax_opt=false ts_ms=1783666169984
stwo JIT: compile start component=cairo_air::components::partial_ec_mul_window_bits_18::Eval kernel=stwo_jit_fused_73dba529a778dc70 semantic_hash=73dba529a778dc70 cache_key=59261525ff27b3f7 instrs=2015 source_bytes=115775 rc_base=89 relax_opt=false ts_ms=1783666169984
stwo JIT: compile start component=cairo_air::components::partial_ec_mul_window_bits_18::Eval kernel=stwo_jit_fused_13b40cb8bc3f2903 semantic_hash=13b40cb8bc3f2903 cache_key=37fde1600beee62c instrs=861 source_bytes=51619 rc_base=145 relax_opt=false ts_ms=1783666169984
stwo JIT: compile+launch end component=cairo_air::components::partial_ec_mul_window_bits_18::Eval kernels=5 elapsed_ms=0 ts_ms=1783666169984
stwo JIT: codegen start component=cairo_air::components::pedersen_points_table_window_bits_18::Eval ts_ms=1783666170039
stwo JIT: codegen end component=cairo_air::components::pedersen_points_table_window_bits_18::Eval kernels=1 total_instrs=307 elapsed_ms=0 ts_ms=1783666170039
stwo JIT: compile start component=cairo_air::components::pedersen_points_table_window_bits_18::Eval kernel=stwo_jit_fused_6d15c44abe421789 semantic_hash=6d15c44abe421789 cache_key=2e3eccbf87dcd53e instrs=307 source_bytes=22677 rc_base=0 relax_opt=false ts_ms=1783666170039
stwo JIT: compile+launch end component=cairo_air::components::pedersen_points_table_window_bits_18::Eval kernels=1 elapsed_ms=0 ts_ms=1783666170039
stwo JIT: codegen start component=cairo_air::components::poseidon_aggregator::Eval ts_ms=1783666170044
stwo JIT: codegen end component=cairo_air::components::poseidon_aggregator::Eval kernels=3 total_instrs=4436 elapsed_ms=1 ts_ms=1783666170045
stwo JIT: compile start component=cairo_air::components::poseidon_aggregator::Eval kernel=stwo_jit_fused_3b6a2b9af05716bc semantic_hash=3b6a2b9af05716bc cache_key=3d482973d4d2ba8f instrs=1934 source_bytes=97650 rc_base=0 relax_opt=false ts_ms=1783666170045
stwo JIT: compile start component=cairo_air::components::poseidon_aggregator::Eval kernel=stwo_jit_fused_b6cc3b9a735492be semantic_hash=b6cc3b9a735492be cache_key=ff2c767739af6bea instrs=1822 source_bytes=87503 rc_base=40 relax_opt=false ts_ms=1783666170045
stwo JIT: compile start component=cairo_air::components::poseidon_aggregator::Eval kernel=stwo_jit_fused_c9c647c15f2d8884 semantic_hash=c9c647c15f2d8884 cache_key=2b7ba77c434ef9f3 instrs=680 source_bytes=38064 rc_base=49 relax_opt=false ts_ms=1783666170045
stwo JIT: compile+launch end component=cairo_air::components::poseidon_aggregator::Eval kernels=3 elapsed_ms=0 ts_ms=1783666170045
stwo JIT: codegen start component=cairo_air::components::poseidon_3_partial_rounds_chain::Eval ts_ms=1783666170045
stwo JIT: codegen end component=cairo_air::components::poseidon_3_partial_rounds_chain::Eval kernels=2 total_instrs=2231 elapsed_ms=0 ts_ms=1783666170046
stwo JIT: compile start component=cairo_air::components::poseidon_3_partial_rounds_chain::Eval kernel=stwo_jit_fused_9bd43e62338a819d semantic_hash=9bd43e62338a819d cache_key=99235b4e75c03b7e instrs=1775 source_bytes=87153 rc_base=0 relax_opt=false ts_ms=1783666170046
stwo JIT: compile start component=cairo_air::components::poseidon_3_partial_rounds_chain::Eval kernel=stwo_jit_fused_2a2157ac10240c20 semantic_hash=2a2157ac10240c20 cache_key=41f19eb13bc4275c instrs=456 source_bytes=30246 rc_base=45 relax_opt=false ts_ms=1783666170046
stwo JIT: compile+launch end component=cairo_air::components::poseidon_3_partial_rounds_chain::Eval kernels=2 elapsed_ms=0 ts_ms=1783666170046
stwo JIT: codegen start component=cairo_air::components::poseidon_full_round_chain::Eval ts_ms=1783666170047
stwo JIT: codegen end component=cairo_air::components::poseidon_full_round_chain::Eval kernels=1 total_instrs=1325 elapsed_ms=0 ts_ms=1783666170048
stwo JIT: compile start component=cairo_air::components::poseidon_full_round_chain::Eval kernel=stwo_jit_fused_216f562d8a710df7 semantic_hash=216f562d8a710df7 cache_key=5778c9f6db5cf1d6 instrs=1325 source_bytes=67425 rc_base=0 relax_opt=false ts_ms=1783666170048
stwo JIT: compile+launch end component=cairo_air::components::poseidon_full_round_chain::Eval kernels=1 elapsed_ms=0 ts_ms=1783666170048
stwo JIT: codegen start component=cairo_air::components::cube_252::Eval ts_ms=1783666170048
stwo JIT: codegen end component=cairo_air::components::cube_252::Eval kernels=3 total_instrs=5406 elapsed_ms=1 ts_ms=1783666170050
stwo JIT: compile start component=cairo_air::components::cube_252::Eval kernel=stwo_jit_fused_236ecb1645901ac0 semantic_hash=236ecb1645901ac0 cache_key=c687f168b5760e1f instrs=1943 source_bytes=84152 rc_base=0 relax_opt=false ts_ms=1783666170050
stwo JIT: compile start component=cairo_air::components::cube_252::Eval kernel=stwo_jit_fused_f98780e88d7e4690 semantic_hash=f98780e88d7e4690 cache_key=7c0e5e9ed1f1e625 instrs=2019 source_bytes=93964 rc_base=31 relax_opt=false ts_ms=1783666170050
stwo JIT: compile start component=cairo_air::components::cube_252::Eval kernel=stwo_jit_fused_898f5baace96c569 semantic_hash=898f5baace96c569 cache_key=c91808b47dc924cf instrs=1444 source_bytes=82329 rc_base=70 relax_opt=false ts_ms=1783666170050
stwo JIT: compile+launch end component=cairo_air::components::cube_252::Eval kernels=3 elapsed_ms=0 ts_ms=1783666170050
stwo JIT: codegen start component=cairo_air::components::poseidon_round_keys::Eval ts_ms=1783666170066
stwo JIT: codegen end component=cairo_air::components::poseidon_round_keys::Eval kernels=1 total_instrs=177 elapsed_ms=0 ts_ms=1783666170066
stwo JIT: compile start component=cairo_air::components::poseidon_round_keys::Eval kernel=stwo_jit_fused_6eec0240134c359d semantic_hash=6eec0240134c359d cache_key=72234bdb224e728d instrs=177 source_bytes=16047 rc_base=0 relax_opt=false ts_ms=1783666170066
stwo JIT: compile+launch end component=cairo_air::components::poseidon_round_keys::Eval kernels=1 elapsed_ms=0 ts_ms=1783666170066
stwo JIT: codegen start component=cairo_air::components::range_check_252_width_27::Eval ts_ms=1783666170067
stwo JIT: codegen end component=cairo_air::components::range_check_252_width_27::Eval kernels=1 total_instrs=327 elapsed_ms=0 ts_ms=1783666170067
stwo JIT: compile start component=cairo_air::components::range_check_252_width_27::Eval kernel=stwo_jit_fused_f546a8bace1705fa semantic_hash=f546a8bace1705fa cache_key=c2a3991180dc0c6d instrs=327 source_bytes=23693 rc_base=0 relax_opt=false ts_ms=1783666170067
stwo JIT: compile+launch end component=cairo_air::components::range_check_252_width_27::Eval kernels=1 elapsed_ms=0 ts_ms=1783666170067
stwo JIT: codegen start component=cairo_air::components::memory_address_to_id::Eval ts_ms=1783666170067
stwo JIT: codegen end component=cairo_air::components::memory_address_to_id::Eval kernels=1 total_instrs=378 elapsed_ms=0 ts_ms=1783666170068
stwo JIT: compile start component=cairo_air::components::memory_address_to_id::Eval kernel=stwo_jit_fused_3c4eba302b5cb3ed semantic_hash=3c4eba302b5cb3ed cache_key=b739dbe5ffa5866b instrs=378 source_bytes=25923 rc_base=0 relax_opt=false ts_ms=1783666170068
stwo JIT: compile+launch end component=cairo_air::components::memory_address_to_id::Eval kernels=1 elapsed_ms=0 ts_ms=1783666170068
stwo JIT: codegen start component=cairo_air::components::memory_id_to_big::BigEval ts_ms=1783666170069
stwo JIT: codegen end component=cairo_air::components::memory_id_to_big::BigEval kernels=1 total_instrs=423 elapsed_ms=0 ts_ms=1783666170069
stwo JIT: compile start component=cairo_air::components::memory_id_to_big::BigEval kernel=stwo_jit_fused_d0a2396eb5e8e845 semantic_hash=d0a2396eb5e8e845 cache_key=8e3c0eaec20fdd9f instrs=423 source_bytes=28033 rc_base=0 relax_opt=false ts_ms=1783666170069
stwo JIT: compile+launch end component=cairo_air::components::memory_id_to_big::BigEval kernels=1 elapsed_ms=0 ts_ms=1783666170069
stwo JIT: codegen start component=cairo_air::components::memory_id_to_small::Eval ts_ms=1783666170069
stwo JIT: codegen end component=cairo_air::components::memory_id_to_small::Eval kernels=1 total_instrs=139 elapsed_ms=0 ts_ms=1783666170070
stwo JIT: compile start component=cairo_air::components::memory_id_to_small::Eval kernel=stwo_jit_fused_509c4d39b553946d semantic_hash=509c4d39b553946d cache_key=c1687d6fa328bb5d instrs=139 source_bytes=13876 rc_base=0 relax_opt=false ts_ms=1783666170070
stwo JIT: compile+launch end component=cairo_air::components::memory_id_to_small::Eval kernels=1 elapsed_ms=0 ts_ms=1783666170070
stwo JIT: codegen start component=cairo_air::components::range_check_6::Eval ts_ms=1783666170070
stwo JIT: codegen end component=cairo_air::components::range_check_6::Eval kernels=1 total_instrs=27 elapsed_ms=0 ts_ms=1783666170071
stwo JIT: compile start component=cairo_air::components::range_check_6::Eval kernel=stwo_jit_fused_b455671faf7e7149 semantic_hash=b455671faf7e7149 cache_key=5754f8a873a52740 instrs=27 source_bytes=8407 rc_base=0 relax_opt=false ts_ms=1783666170071
stwo JIT: compile+launch end component=cairo_air::components::range_check_6::Eval kernels=1 elapsed_ms=0 ts_ms=1783666170071
stwo JIT: codegen start component=cairo_air::components::range_check_8::Eval ts_ms=1783666170071
stwo JIT: codegen end component=cairo_air::components::range_check_8::Eval kernels=1 total_instrs=27 elapsed_ms=0 ts_ms=1783666170071
stwo JIT: compile start component=cairo_air::components::range_check_8::Eval kernel=stwo_jit_fused_b455671faf7e7149 semantic_hash=b455671faf7e7149 cache_key=5754f8a873a52740 instrs=27 source_bytes=8407 rc_base=0 relax_opt=false ts_ms=1783666170071
stwo JIT: compile+launch end component=cairo_air::components::range_check_8::Eval kernels=1 elapsed_ms=0 ts_ms=1783666170071
stwo JIT: codegen start component=cairo_air::components::range_check_11::Eval ts_ms=1783666170071
stwo JIT: codegen end component=cairo_air::components::range_check_11::Eval kernels=1 total_instrs=27 elapsed_ms=0 ts_ms=1783666170071
stwo JIT: compile start component=cairo_air::components::range_check_11::Eval kernel=stwo_jit_fused_b455671faf7e7149 semantic_hash=b455671faf7e7149 cache_key=5754f8a873a52740 instrs=27 source_bytes=8407 rc_base=0 relax_opt=false ts_ms=1783666170071
stwo JIT: compile+launch end component=cairo_air::components::range_check_11::Eval kernels=1 elapsed_ms=0 ts_ms=1783666170071
stwo JIT: codegen start component=cairo_air::components::range_check_12::Eval ts_ms=1783666170071
stwo JIT: codegen end component=cairo_air::components::range_check_12::Eval kernels=1 total_instrs=27 elapsed_ms=0 ts_ms=1783666170071
stwo JIT: compile start component=cairo_air::components::range_check_12::Eval kernel=stwo_jit_fused_b455671faf7e7149 semantic_hash=b455671faf7e7149 cache_key=5754f8a873a52740 instrs=27 source_bytes=8407 rc_base=0 relax_opt=false ts_ms=1783666170071
stwo JIT: compile+launch end component=cairo_air::components::range_check_12::Eval kernels=1 elapsed_ms=0 ts_ms=1783666170071
stwo JIT: codegen start component=cairo_air::components::range_check_18::Eval ts_ms=1783666170071
stwo JIT: codegen end component=cairo_air::components::range_check_18::Eval kernels=1 total_instrs=41 elapsed_ms=0 ts_ms=1783666170071
stwo JIT: compile start component=cairo_air::components::range_check_18::Eval kernel=stwo_jit_fused_5110e647be737a71 semantic_hash=5110e647be737a71 cache_key=60f1edbf38c46846 instrs=41 source_bytes=9008 rc_base=0 relax_opt=false ts_ms=1783666170071
stwo JIT: compile+launch end component=cairo_air::components::range_check_18::Eval kernels=1 elapsed_ms=0 ts_ms=1783666170071
stwo JIT: codegen start component=cairo_air::components::range_check_20::Eval ts_ms=1783666170071
stwo JIT: codegen end component=cairo_air::components::range_check_20::Eval kernels=1 total_instrs=137 elapsed_ms=0 ts_ms=1783666170071
stwo JIT: compile start component=cairo_air::components::range_check_20::Eval kernel=stwo_jit_fused_f3c5592c25df0a2b semantic_hash=f3c5592c25df0a2b cache_key=fde450a0c79effe4 instrs=137 source_bytes=14375 rc_base=0 relax_opt=false ts_ms=1783666170071
stwo JIT: compile+launch end component=cairo_air::components::range_check_20::Eval kernels=1 elapsed_ms=0 ts_ms=1783666170071
stwo JIT: codegen start component=cairo_air::components::range_check_4_3::Eval ts_ms=1783666170071
stwo JIT: codegen end component=cairo_air::components::range_check_4_3::Eval kernels=1 total_instrs=32 elapsed_ms=0 ts_ms=1783666170071
stwo JIT: compile start component=cairo_air::components::range_check_4_3::Eval kernel=stwo_jit_fused_bfbf5a8a40591289 semantic_hash=bfbf5a8a40591289 cache_key=785f1d2fda1ea922 instrs=32 source_bytes=8657 rc_base=0 relax_opt=false ts_ms=1783666170071
stwo JIT: compile+launch end component=cairo_air::components::range_check_4_3::Eval kernels=1 elapsed_ms=0 ts_ms=1783666170071
stwo JIT: codegen start component=cairo_air::components::range_check_4_4::Eval ts_ms=1783666170071
stwo JIT: codegen end component=cairo_air::components::range_check_4_4::Eval kernels=1 total_instrs=32 elapsed_ms=0 ts_ms=1783666170071
stwo JIT: compile start component=cairo_air::components::range_check_4_4::Eval kernel=stwo_jit_fused_bfbf5a8a40591289 semantic_hash=bfbf5a8a40591289 cache_key=785f1d2fda1ea922 instrs=32 source_bytes=8657 rc_base=0 relax_opt=false ts_ms=1783666170072
stwo JIT: compile+launch end component=cairo_air::components::range_check_4_4::Eval kernels=1 elapsed_ms=0 ts_ms=1783666170072
stwo JIT: codegen start component=cairo_air::components::range_check_9_9::Eval ts_ms=1783666170072
stwo JIT: codegen end component=cairo_air::components::range_check_9_9::Eval kernels=1 total_instrs=170 elapsed_ms=0 ts_ms=1783666170072
stwo JIT: compile start component=cairo_air::components::range_check_9_9::Eval kernel=stwo_jit_fused_90ffbc48bba4e133 semantic_hash=90ffbc48bba4e133 cache_key=49615d8c7e35be8c instrs=170 source_bytes=15758 rc_base=0 relax_opt=false ts_ms=1783666170072
stwo JIT: compile+launch end component=cairo_air::components::range_check_9_9::Eval kernels=1 elapsed_ms=0 ts_ms=1783666170072
stwo JIT: codegen start component=cairo_air::components::range_check_7_2_5::Eval ts_ms=1783666170072
stwo JIT: codegen end component=cairo_air::components::range_check_7_2_5::Eval kernels=1 total_instrs=37 elapsed_ms=0 ts_ms=1783666170072
stwo JIT: compile start component=cairo_air::components::range_check_7_2_5::Eval kernel=stwo_jit_fused_b6da13dc52c21465 semantic_hash=b6da13dc52c21465 cache_key=7e0b6c8348014c9a instrs=37 source_bytes=8907 rc_base=0 relax_opt=false ts_ms=1783666170072
stwo JIT: compile+launch end component=cairo_air::components::range_check_7_2_5::Eval kernels=1 elapsed_ms=0 ts_ms=1783666170072
stwo JIT: codegen start component=cairo_air::components::range_check_3_6_6_3::Eval ts_ms=1783666170072
stwo JIT: codegen end component=cairo_air::components::range_check_3_6_6_3::Eval kernels=1 total_instrs=42 elapsed_ms=0 ts_ms=1783666170072
stwo JIT: compile start component=cairo_air::components::range_check_3_6_6_3::Eval kernel=stwo_jit_fused_8bfe46e1447d7e33 semantic_hash=8bfe46e1447d7e33 cache_key=7427d3ae2749288a instrs=42 source_bytes=9157 rc_base=0 relax_opt=false ts_ms=1783666170072
stwo JIT: compile+launch end component=cairo_air::components::range_check_3_6_6_3::Eval kernels=1 elapsed_ms=0 ts_ms=1783666170072
stwo JIT: codegen start component=cairo_air::components::range_check_4_4_4_4::Eval ts_ms=1783666170072
stwo JIT: codegen end component=cairo_air::components::range_check_4_4_4_4::Eval kernels=1 total_instrs=42 elapsed_ms=0 ts_ms=1783666170072
stwo JIT: compile start component=cairo_air::components::range_check_4_4_4_4::Eval kernel=stwo_jit_fused_8bfe46e1447d7e33 semantic_hash=8bfe46e1447d7e33 cache_key=7427d3ae2749288a instrs=42 source_bytes=9157 rc_base=0 relax_opt=false ts_ms=1783666170072
stwo JIT: compile+launch end component=cairo_air::components::range_check_4_4_4_4::Eval kernels=1 elapsed_ms=0 ts_ms=1783666170072
stwo JIT: codegen start component=cairo_air::components::range_check_3_3_3_3_3::Eval ts_ms=1783666170072
stwo JIT: codegen end component=cairo_air::components::range_check_3_3_3_3_3::Eval kernels=1 total_instrs=47 elapsed_ms=0 ts_ms=1783666170072
stwo JIT: compile start component=cairo_air::components::range_check_3_3_3_3_3::Eval kernel=stwo_jit_fused_264153f324dfa389 semantic_hash=264153f324dfa389 cache_key=08e5448d4cd611c0 instrs=47 source_bytes=9407 rc_base=0 relax_opt=false ts_ms=1783666170072
stwo JIT: compile+launch end component=cairo_air::components::range_check_3_3_3_3_3::Eval kernels=1 elapsed_ms=0 ts_ms=1783666170072
stwo JIT: codegen start component=cairo_air::components::verify_bitwise_xor_4::Eval ts_ms=1783666170072
stwo JIT: codegen end component=cairo_air::components::verify_bitwise_xor_4::Eval kernels=1 total_instrs=37 elapsed_ms=0 ts_ms=1783666170072
stwo JIT: compile start component=cairo_air::components::verify_bitwise_xor_4::Eval kernel=stwo_jit_fused_b6da13dc52c21465 semantic_hash=b6da13dc52c21465 cache_key=7e0b6c8348014c9a instrs=37 source_bytes=8907 rc_base=0 relax_opt=false ts_ms=1783666170072
stwo JIT: compile+launch end component=cairo_air::components::verify_bitwise_xor_4::Eval kernels=1 elapsed_ms=0 ts_ms=1783666170072
stwo JIT: codegen start component=cairo_air::components::verify_bitwise_xor_7::Eval ts_ms=1783666170072
stwo JIT: codegen end component=cairo_air::components::verify_bitwise_xor_7::Eval kernels=1 total_instrs=37 elapsed_ms=0 ts_ms=1783666170072
stwo JIT: compile start component=cairo_air::components::verify_bitwise_xor_7::Eval kernel=stwo_jit_fused_b6da13dc52c21465 semantic_hash=b6da13dc52c21465 cache_key=7e0b6c8348014c9a instrs=37 source_bytes=8907 rc_base=0 relax_opt=false ts_ms=1783666170072
stwo JIT: compile+launch end component=cairo_air::components::verify_bitwise_xor_7::Eval kernels=1 elapsed_ms=0 ts_ms=1783666170072
stwo JIT: codegen start component=cairo_air::components::verify_bitwise_xor_8::Eval ts_ms=1783666170072
stwo JIT: codegen end component=cairo_air::components::verify_bitwise_xor_8::Eval kernels=1 total_instrs=59 elapsed_ms=0 ts_ms=1783666170072
stwo JIT: compile start component=cairo_air::components::verify_bitwise_xor_8::Eval kernel=stwo_jit_fused_ad13f4b2c221bfc7 semantic_hash=ad13f4b2c221bfc7 cache_key=2d7a146fd5a09609 instrs=59 source_bytes=9813 rc_base=0 relax_opt=false ts_ms=1783666170072
stwo JIT: compile+launch end component=cairo_air::components::verify_bitwise_xor_8::Eval kernels=1 elapsed_ms=0 ts_ms=1783666170072
stwo JIT: codegen start component=cairo_air::components::verify_bitwise_xor_9::Eval ts_ms=1783666170072
stwo JIT: codegen end component=cairo_air::components::verify_bitwise_xor_9::Eval kernels=1 total_instrs=37 elapsed_ms=0 ts_ms=1783666170072
stwo JIT: compile start component=cairo_air::components::verify_bitwise_xor_9::Eval kernel=stwo_jit_fused_b6da13dc52c21465 semantic_hash=b6da13dc52c21465 cache_key=7e0b6c8348014c9a instrs=37 source_bytes=8907 rc_base=0 relax_opt=false ts_ms=1783666170072
stwo JIT: compile+launch end component=cairo_air::components::verify_bitwise_xor_9::Eval kernels=1 elapsed_ms=0 ts_ms=1783666170072
vram_phase[stark_core]: used_high=37.65GB reserved_high=43.49GB
rep=1 prove_s=5.995
jit_prove[jnz_opcode_non_taken]: device witness 115005 real rows (log_size 17) in 24.2 ms
jit_prove[jump_opcode_rel]: device witness 903 real rows (log_size 10) in 28.1 ms
jit_prove[assert_eq_opcode_imm]: device witness 478552 real rows (log_size 19) in 28.5 ms
jit_prove[call_opcode_abs]: device witness 359 real rows (log_size 9) in 29.1 ms
jit_prove[jump_opcode_double_deref]: device witness 358 real rows (log_size 9) in 30.0 ms
jit_prove[ret_opcode]: device witness 258366 real rows (log_size 18) in 31.4 ms
jit_prove[jump_opcode_rel]: device mem count feed merged 2 families
jit_prove[add_ap_opcode]: device witness 402083 real rows (log_size 19) in 30.3 ms
jit_prove[call_opcode_abs]: device mem count feed merged 2 families
jit_prove[call_opcode_rel_imm]: device witness 258007 real rows (log_size 18) in 53.0 ms
jit_prove[jnz_opcode_non_taken]: device mem count feed merged 2 families
jit_prove[ret_opcode]: device mem count feed merged 2 families
jit_prove[assert_eq_opcode_imm]: device mem count feed merged 1 families
jit_prove[jump_opcode_rel_imm]: device witness 356937 real rows (log_size 19) in 89.5 ms
jit_prove[mul_opcode_small]: device witness 379774 real rows (log_size 19) in 80.2 ms
jit_prove[mul_opcode]: device witness 130858 real rows (log_size 17) in 89.9 ms
jit_prove[jump_opcode_double_deref]: device mem count feed merged 2 families
jit_prove[assert_eq_opcode]: device witness 957056 real rows (log_size 20) in 104.0 ms
jit_prove[jnz_opcode_taken]: device witness 569029 real rows (log_size 20) in 117.8 ms
jit_prove[add_ap_opcode]: device count feed merged 5 relation families
jit_prove[call_opcode_rel_imm]: device mem count feed merged 2 families
jit_prove[add_opcode]: device witness 651967 real rows (log_size 20) in 125.1 ms
jit_prove[assert_eq_opcode_double_deref]: device witness 1798509 real rows (log_size 21) in 139.1 ms
jit_prove[jump_opcode_rel_imm]: device mem count feed merged 2 families
jit_prove[blake_compress_opcode]: device witness 40143 real rows (log_size 16) in 154.7 ms
jit_prove[mul_opcode_small]: device count feed merged 4 relation families
jit_prove[assert_eq_opcode]: device mem count feed merged 1 families
jit_prove[jnz_opcode_taken]: device mem count feed merged 2 families
jit_prove[add_opcode_small]: device witness 1579491 real rows (log_size 21) in 180.6 ms
jit_prove[add_opcode]: device mem count feed merged 2 families
jit_prove[assert_eq_opcode_double_deref]: device mem count feed merged 2 families
jit_prove[mul_opcode]: device count feed merged 4 relation families
jit_prove[blake_compress_opcode]: device count feed merged 4 relation families
jit_prove[add_opcode_small]: device mem count feed merged 2 families
jit_prove[blake_compress_opcode]: stashed device edge for blake_round (host recovery mirror retained)
jit_prove[blake_round]: device witness 655360 real rows (log_size 20) in 3.1 ms
jit_prove[verify_instruction]: device witness 51638 real rows (log_size 16) in 8.5 ms
jit_prove[verify_instruction]: device count feed merged 4 relation families
jit_prove[blake_round]: device count feed merged 5 relation families
jit_prove[blake_round]: stashed device edge for blake_g (host recovery mirror skipped)
jit_prove[triple_xor_32]: device witness 524288 real rows (log_size 19) in 25.8 ms
jit_prove[pedersen_aggregator_window_bits_18]: device witness 18258 real rows (log_size 15) in 3.1 ms
jit_prove[pedersen_aggregator_window_bits_18]: device count feed merged 3 relation families
jit_prove[pedersen_aggregator_window_bits_18]: stashed device edge for partial_ec_mul_window_bits_18 (host recovery mirror skipped)
jit_prove[partial_ec_mul_window_bits_18]: device witness 917504 real rows (log_size 20) in 4.7 ms
jit_prove[partial_ec_mul_window_bits_18]: device count feed merged 3 relation families
jit_prove[cube_252]: device witness 499712 real rows (log_size 19) in 3.1 ms
jit_prove[cube_252]: device count feed merged 2 relation families
jit_prove[range_check_252_width_27]: device witness 401408 real rows (log_size 19) in 12.2 ms
jit_prove[partial_ec_mul_generic]: device witness 258048 real rows (log_size 18) in 18.7 ms
jit_prove[range_check_252_width_27]: device count feed merged 2 relation families
jit_prove[partial_ec_mul_generic]: device count feed merged 3 relation families
vram_phase[witness]: used_high=34.30GB reserved_high=43.49GB
vram_phase[preprocessed_tree]: used_high=29.58GB reserved_high=43.49GB
vram_phase[base_commit]: used_high=43.59GB reserved_high=43.62GB
jit_interaction[add_opcode]: device logup 1048576 rows x 5 cols in 1.6 ms
jit_interaction[add_opcode_small]: device logup 2097152 rows x 5 cols in 2.8 ms
jit_interaction[add_ap_opcode]: device logup 524288 rows x 4 cols in 1.1 ms
jit_interaction[assert_eq_opcode]: device logup 1048576 rows x 3 cols in 0.9 ms
jit_interaction[assert_eq_opcode_imm]: device logup 524288 rows x 3 cols in 0.8 ms
jit_interaction[assert_eq_opcode_double_deref]: device logup 2097152 rows x 4 cols in 2.0 ms
jit_interaction[blake_compress_opcode]: device logup 65536 rows x 37 cols in 2.5 ms
jit_interaction[call_opcode_abs]: device logup 512 rows x 5 cols in 0.4 ms
jit_interaction[call_opcode_rel_imm]: device logup 262144 rows x 5 cols in 0.6 ms
jit_interaction[jnz_opcode_non_taken]: device logup 131072 rows x 3 cols in 0.4 ms
jit_interaction[jnz_opcode_taken]: device logup 1048576 rows x 4 cols in 1.3 ms
jit_interaction[jump_opcode_double_deref]: device logup 512 rows x 4 cols in 0.6 ms
jit_interaction[jump_opcode_rel]: device logup 1024 rows x 3 cols in 0.3 ms
jit_interaction[jump_opcode_rel_imm]: device logup 524288 rows x 3 cols in 0.6 ms
jit_interaction[mul_opcode]: device logup 131072 rows x 19 cols in 1.3 ms
jit_interaction[mul_opcode_small]: device logup 524288 rows x 6 cols in 1.1 ms
jit_interaction[ret_opcode]: device logup 262144 rows x 4 cols in 0.7 ms
jit_interaction[verify_instruction]: device logup 65536 rows x 3 cols in 0.4 ms
jit_interaction[blake_round]: device logup 1048576 rows x 30 cols in 8.7 ms
jit_interaction[triple_xor_32]: device logup 524288 rows x 5 cols in 0.8 ms
jit_interaction[partial_ec_mul_generic]: device logup 262144 rows x 157 cols in 10.1 ms
jit_interaction[pedersen_aggregator_window_bits_18]: device logup 32768 rows x 6 cols in 0.6 ms
jit_interaction[partial_ec_mul_window_bits_18]: device logup 1048576 rows x 65 cols in 12.2 ms
jit_interaction[cube_252]: device logup 524288 rows x 50 cols in 5.1 ms
jit_interaction[range_check_252_width_27]: device logup 524288 rows x 8 cols in 1.0 ms
vram_phase[interaction_write]: used_high=39.67GB reserved_high=43.62GB
vram_phase[interaction_commit]: used_high=39.85GB reserved_high=43.62GB
stwo JIT: codegen start component=cairo_air::components::add_opcode::Eval ts_ms=1783666175611
stwo JIT: codegen end component=cairo_air::components::add_opcode::Eval kernels=1 total_instrs=906 elapsed_ms=0 ts_ms=1783666175611
stwo JIT: compile start component=cairo_air::components::add_opcode::Eval kernel=stwo_jit_fused_c4fc2550c1ac56b8 semantic_hash=c4fc2550c1ac56b8 cache_key=fed62507369c1c00 instrs=906 source_bytes=52115 rc_base=0 relax_opt=false ts_ms=1783666175611
stwo JIT: compile+launch end component=cairo_air::components::add_opcode::Eval kernels=1 elapsed_ms=0 ts_ms=1783666175611
stwo JIT: codegen start component=cairo_air::components::add_opcode_small::Eval ts_ms=1783666175615
stwo JIT: codegen end component=cairo_air::components::add_opcode_small::Eval kernels=1 total_instrs=771 elapsed_ms=0 ts_ms=1783666175615
stwo JIT: compile start component=cairo_air::components::add_opcode_small::Eval kernel=stwo_jit_fused_f2af531532ff03c4 semantic_hash=f2af531532ff03c4 cache_key=8668572a11b345db instrs=771 source_bytes=42620 rc_base=0 relax_opt=false ts_ms=1783666175615
stwo JIT: compile+launch end component=cairo_air::components::add_opcode_small::Eval kernels=1 elapsed_ms=0 ts_ms=1783666175615
stwo JIT: codegen start component=cairo_air::components::add_ap_opcode::Eval ts_ms=1783666175621
stwo JIT: codegen end component=cairo_air::components::add_ap_opcode::Eval kernels=1 total_instrs=361 elapsed_ms=0 ts_ms=1783666175621
stwo JIT: compile start component=cairo_air::components::add_ap_opcode::Eval kernel=stwo_jit_fused_38f2f1291bb6bc30 semantic_hash=38f2f1291bb6bc30 cache_key=a8a79235f2296029 instrs=361 source_bytes=24010 rc_base=0 relax_opt=false ts_ms=1783666175621
stwo JIT: compile+launch end component=cairo_air::components::add_ap_opcode::Eval kernels=1 elapsed_ms=0 ts_ms=1783666175621
stwo JIT: codegen start component=cairo_air::components::assert_eq_opcode::Eval ts_ms=1783666175621
stwo JIT: codegen end component=cairo_air::components::assert_eq_opcode::Eval kernels=1 total_instrs=189 elapsed_ms=0 ts_ms=1783666175621
stwo JIT: compile start component=cairo_air::components::assert_eq_opcode::Eval kernel=stwo_jit_fused_3f818d142612918f semantic_hash=3f818d142612918f cache_key=705ffc197ad8a3cd instrs=189 source_bytes=16251 rc_base=0 relax_opt=false ts_ms=1783666175621
stwo JIT: compile+launch end component=cairo_air::components::assert_eq_opcode::Eval kernels=1 elapsed_ms=0 ts_ms=1783666175621
stwo JIT: codegen start component=cairo_air::components::assert_eq_opcode_imm::Eval ts_ms=1783666175622
stwo JIT: codegen end component=cairo_air::components::assert_eq_opcode_imm::Eval kernels=1 total_instrs=166 elapsed_ms=0 ts_ms=1783666175622
stwo JIT: compile start component=cairo_air::components::assert_eq_opcode_imm::Eval kernel=stwo_jit_fused_d5393c25fbb2874d semantic_hash=d5393c25fbb2874d cache_key=5212ad8933e14a8a instrs=166 source_bytes=15062 rc_base=0 relax_opt=false ts_ms=1783666175622
stwo JIT: compile+launch end component=cairo_air::components::assert_eq_opcode_imm::Eval kernels=1 elapsed_ms=0 ts_ms=1783666175622
stwo JIT: codegen start component=cairo_air::components::assert_eq_opcode_double_deref::Eval ts_ms=1783666175622
stwo JIT: codegen end component=cairo_air::components::assert_eq_opcode_double_deref::Eval kernels=1 total_instrs=266 elapsed_ms=0 ts_ms=1783666175622
stwo JIT: compile start component=cairo_air::components::assert_eq_opcode_double_deref::Eval kernel=stwo_jit_fused_e76fc7d452b58068 semantic_hash=e76fc7d452b58068 cache_key=81ae81db7a3e5faa instrs=266 source_bytes=20187 rc_base=0 relax_opt=false ts_ms=1783666175622
stwo JIT: compile+launch end component=cairo_air::components::assert_eq_opcode_double_deref::Eval kernels=1 elapsed_ms=0 ts_ms=1783666175622
stwo JIT: codegen start component=cairo_air::components::blake_compress_opcode::Eval ts_ms=1783666175624
stwo JIT: codegen end component=cairo_air::components::blake_compress_opcode::Eval kernels=2 total_instrs=3572 elapsed_ms=1 ts_ms=1783666175625
stwo JIT: compile start component=cairo_air::components::blake_compress_opcode::Eval kernel=stwo_jit_fused_5ac117800a3f6cd0 semantic_hash=5ac117800a3f6cd0 cache_key=971352f32bfae829 instrs=2006 source_bytes=101277 rc_base=0 relax_opt=false ts_ms=1783666175625
stwo JIT: compile start component=cairo_air::components::blake_compress_opcode::Eval kernel=stwo_jit_fused_9fc7a29ec077c2f0 semantic_hash=9fc7a29ec077c2f0 cache_key=2986e57f8d528c25 instrs=1566 source_bytes=80940 rc_base=35 relax_opt=false ts_ms=1783666175625
stwo JIT: compile+launch end component=cairo_air::components::blake_compress_opcode::Eval kernels=2 elapsed_ms=0 ts_ms=1783666175625
stwo JIT: codegen start component=cairo_air::components::call_opcode_abs::Eval ts_ms=1783666175627
stwo JIT: codegen end component=cairo_air::components::call_opcode_abs::Eval kernels=1 total_instrs=360 elapsed_ms=0 ts_ms=1783666175627
stwo JIT: compile start component=cairo_air::components::call_opcode_abs::Eval kernel=stwo_jit_fused_aaec7bbec10eedef semantic_hash=aaec7bbec10eedef cache_key=7d894a40fc4241f2 instrs=360 source_bytes=24610 rc_base=0 relax_opt=false ts_ms=1783666175627
stwo JIT: compile+launch end component=cairo_air::components::call_opcode_abs::Eval kernels=1 elapsed_ms=0 ts_ms=1783666175627
stwo JIT: codegen start component=cairo_air::components::call_opcode_rel_imm::Eval ts_ms=1783666175627
stwo JIT: codegen end component=cairo_air::components::call_opcode_rel_imm::Eval kernels=1 total_instrs=449 elapsed_ms=0 ts_ms=1783666175627
stwo JIT: compile start component=cairo_air::components::call_opcode_rel_imm::Eval kernel=stwo_jit_fused_f3770d28731e9baf semantic_hash=f3770d28731e9baf cache_key=d2d25df5e625d8a2 instrs=449 source_bytes=28120 rc_base=0 relax_opt=false ts_ms=1783666175627
stwo JIT: compile+launch end component=cairo_air::components::call_opcode_rel_imm::Eval kernels=1 elapsed_ms=0 ts_ms=1783666175627
stwo JIT: codegen start component=cairo_air::components::jnz_opcode_non_taken::Eval ts_ms=1783666175627
stwo JIT: codegen end component=cairo_air::components::jnz_opcode_non_taken::Eval kernels=1 total_instrs=216 elapsed_ms=0 ts_ms=1783666175627
stwo JIT: compile start component=cairo_air::components::jnz_opcode_non_taken::Eval kernel=stwo_jit_fused_ccbb8d139930365e semantic_hash=ccbb8d139930365e cache_key=3013fa5230eaf1ee instrs=216 source_bytes=16928 rc_base=0 relax_opt=false ts_ms=1783666175627
stwo JIT: compile+launch end component=cairo_air::components::jnz_opcode_non_taken::Eval kernels=1 elapsed_ms=0 ts_ms=1783666175627
stwo JIT: codegen start component=cairo_air::components::jnz_opcode_taken::Eval ts_ms=1783666175628
stwo JIT: codegen end component=cairo_air::components::jnz_opcode_taken::Eval kernels=1 total_instrs=542 elapsed_ms=0 ts_ms=1783666175628
stwo JIT: compile start component=cairo_air::components::jnz_opcode_taken::Eval kernel=stwo_jit_fused_bc762e9e3f2cfaf7 semantic_hash=bc762e9e3f2cfaf7 cache_key=7f00fb95f868ccf4 instrs=542 source_bytes=32590 rc_base=0 relax_opt=false ts_ms=1783666175628
stwo JIT: compile+launch end component=cairo_air::components::jnz_opcode_taken::Eval kernels=1 elapsed_ms=0 ts_ms=1783666175628
stwo JIT: codegen start component=cairo_air::components::jump_opcode_double_deref::Eval ts_ms=1783666175630
stwo JIT: codegen end component=cairo_air::components::jump_opcode_double_deref::Eval kernels=1 total_instrs=285 elapsed_ms=0 ts_ms=1783666175630
stwo JIT: compile start component=cairo_air::components::jump_opcode_double_deref::Eval kernel=stwo_jit_fused_f11bb80fb8ef9dac semantic_hash=f11bb80fb8ef9dac cache_key=77297d9ebda26715 instrs=285 source_bytes=20906 rc_base=0 relax_opt=false ts_ms=1783666175630
stwo JIT: compile+launch end component=cairo_air::components::jump_opcode_double_deref::Eval kernels=1 elapsed_ms=0 ts_ms=1783666175630
stwo JIT: codegen start component=cairo_air::components::jump_opcode_rel::Eval ts_ms=1783666175630
stwo JIT: codegen end component=cairo_air::components::jump_opcode_rel::Eval kernels=1 total_instrs=321 elapsed_ms=0 ts_ms=1783666175630
stwo JIT: compile start component=cairo_air::components::jump_opcode_rel::Eval kernel=stwo_jit_fused_80d573ea5cb70558 semantic_hash=80d573ea5cb70558 cache_key=1c70181a9a16680c instrs=321 source_bytes=21839 rc_base=0 relax_opt=false ts_ms=1783666175630
stwo JIT: compile+launch end component=cairo_air::components::jump_opcode_rel::Eval kernels=1 elapsed_ms=0 ts_ms=1783666175630
stwo JIT: codegen start component=cairo_air::components::jump_opcode_rel_imm::Eval ts_ms=1783666175630
stwo JIT: codegen end component=cairo_air::components::jump_opcode_rel_imm::Eval kernels=1 total_instrs=293 elapsed_ms=0 ts_ms=1783666175630
stwo JIT: compile start component=cairo_air::components::jump_opcode_rel_imm::Eval kernel=stwo_jit_fused_23630e2413ed4300 semantic_hash=23630e2413ed4300 cache_key=eeb49ef87a4c7c9f instrs=293 source_bytes=20371 rc_base=0 relax_opt=false ts_ms=1783666175630
stwo JIT: compile+launch end component=cairo_air::components::jump_opcode_rel_imm::Eval kernels=1 elapsed_ms=0 ts_ms=1783666175630
stwo JIT: codegen start component=cairo_air::components::mul_opcode::Eval ts_ms=1783666175631
stwo JIT: codegen end component=cairo_air::components::mul_opcode::Eval kernels=2 total_instrs=2713 elapsed_ms=0 ts_ms=1783666175631
stwo JIT: compile start component=cairo_air::components::mul_opcode::Eval kernel=stwo_jit_fused_330b6ac3795548e2 semantic_hash=330b6ac3795548e2 cache_key=566e541878630fa5 instrs=2011 source_bytes=92497 rc_base=0 relax_opt=false ts_ms=1783666175631
stwo JIT: compile start component=cairo_air::components::mul_opcode::Eval kernel=stwo_jit_fused_6a86368213950a80 semantic_hash=6a86368213950a80 cache_key=fbe0ec35d7227d64 instrs=702 source_bytes=43559 rc_base=42 relax_opt=false ts_ms=1783666175631
stwo JIT: compile+launch end component=cairo_air::components::mul_opcode::Eval kernels=2 elapsed_ms=0 ts_ms=1783666175631
stwo JIT: codegen start component=cairo_air::components::mul_opcode_small::Eval ts_ms=1783666175633
stwo JIT: codegen end component=cairo_air::components::mul_opcode_small::Eval kernels=1 total_instrs=474 elapsed_ms=0 ts_ms=1783666175633
stwo JIT: compile start component=cairo_air::components::mul_opcode_small::Eval kernel=stwo_jit_fused_df7268f8d131b2aa semantic_hash=df7268f8d131b2aa cache_key=0e5d5e4ce6ec6b93 instrs=474 source_bytes=30690 rc_base=0 relax_opt=false ts_ms=1783666175633
stwo JIT: compile+launch end component=cairo_air::components::mul_opcode_small::Eval kernels=1 elapsed_ms=0 ts_ms=1783666175633
stwo JIT: codegen start component=cairo_air::components::ret_opcode::Eval ts_ms=1783666175633
stwo JIT: codegen end component=cairo_air::components::ret_opcode::Eval kernels=1 total_instrs=246 elapsed_ms=0 ts_ms=1783666175634
stwo JIT: compile start component=cairo_air::components::ret_opcode::Eval kernel=stwo_jit_fused_4a840241ace6b1ce semantic_hash=4a840241ace6b1ce cache_key=cad46594598ea494 instrs=246 source_bytes=18919 rc_base=0 relax_opt=false ts_ms=1783666175634
stwo JIT: compile+launch end component=cairo_air::components::ret_opcode::Eval kernels=1 elapsed_ms=0 ts_ms=1783666175634
stwo JIT: codegen start component=cairo_air::components::verify_instruction::Eval ts_ms=1783666175634
stwo JIT: codegen end component=cairo_air::components::verify_instruction::Eval kernels=1 total_instrs=238 elapsed_ms=0 ts_ms=1783666175634
stwo JIT: compile start component=cairo_air::components::verify_instruction::Eval kernel=stwo_jit_fused_598b3f5cd7a508ff semantic_hash=598b3f5cd7a508ff cache_key=3d4047fe93d01090 instrs=238 source_bytes=18266 rc_base=0 relax_opt=false ts_ms=1783666175634
stwo JIT: compile+launch end component=cairo_air::components::verify_instruction::Eval kernels=1 elapsed_ms=0 ts_ms=1783666175634
stwo JIT: codegen start component=cairo_air::components::blake_round::Eval ts_ms=1783666175634
stwo JIT: codegen end component=cairo_air::components::blake_round::Eval kernels=2 total_instrs=3468 elapsed_ms=0 ts_ms=1783666175635
stwo JIT: compile start component=cairo_air::components::blake_round::Eval kernel=stwo_jit_fused_e327583d108f9be2 semantic_hash=e327583d108f9be2 cache_key=0cc121e2d56bda89 instrs=2047 source_bytes=100621 rc_base=0 relax_opt=false ts_ms=1783666175635
stwo JIT: compile start component=cairo_air::components::blake_round::Eval kernel=stwo_jit_fused_d8c01f1a61a70266 semantic_hash=d8c01f1a61a70266 cache_key=eac25c9e774849d9 instrs=1421 source_bytes=74752 rc_base=23 relax_opt=false ts_ms=1783666175635
stwo JIT: compile+launch end component=cairo_air::components::blake_round::Eval kernels=2 elapsed_ms=0 ts_ms=1783666175635
stwo JIT: codegen start component=cairo_air::components::blake_g::Eval ts_ms=1783666175659
stwo JIT: codegen end component=cairo_air::components::blake_g::Eval kernels=1 total_instrs=685 elapsed_ms=0 ts_ms=1783666175659
stwo JIT: compile start component=cairo_air::components::blake_g::Eval kernel=stwo_jit_fused_85bc7442abcf3b0a semantic_hash=85bc7442abcf3b0a cache_key=beb87a7bcb35fdfe instrs=685 source_bytes=39888 rc_base=0 relax_opt=false ts_ms=1783666175659
stwo JIT: compile+launch end component=cairo_air::components::blake_g::Eval kernels=1 elapsed_ms=0 ts_ms=1783666175659
stwo JIT: codegen start component=cairo_air::components::blake_round_sigma::Eval ts_ms=1783666175684
stwo JIT: codegen end component=cairo_air::components::blake_round_sigma::Eval kernels=1 total_instrs=107 elapsed_ms=0 ts_ms=1783666175684
stwo JIT: compile start component=cairo_air::components::blake_round_sigma::Eval kernel=stwo_jit_fused_dc512e9aef7f81c9 semantic_hash=dc512e9aef7f81c9 cache_key=35fe95ac7e0206d7 instrs=107 source_bytes=12477 rc_base=0 relax_opt=false ts_ms=1783666175684
stwo JIT: compile+launch end component=cairo_air::components::blake_round_sigma::Eval kernels=1 elapsed_ms=0 ts_ms=1783666175684
stwo JIT: codegen start component=cairo_air::components::triple_xor_32::Eval ts_ms=1783666175684
stwo JIT: codegen end component=cairo_air::components::triple_xor_32::Eval kernels=1 total_instrs=277 elapsed_ms=0 ts_ms=1783666175684
stwo JIT: compile start component=cairo_air::components::triple_xor_32::Eval kernel=stwo_jit_fused_604bf5992fe4faf1 semantic_hash=604bf5992fe4faf1 cache_key=4edcbfbe690d89f5 instrs=277 source_bytes=20572 rc_base=0 relax_opt=false ts_ms=1783666175684
stwo JIT: compile+launch end component=cairo_air::components::triple_xor_32::Eval kernels=1 elapsed_ms=0 ts_ms=1783666175684
stwo JIT: codegen start component=cairo_air::components::verify_bitwise_xor_12::Eval ts_ms=1783666175685
stwo JIT: codegen end component=cairo_air::components::verify_bitwise_xor_12::Eval kernels=1 total_instrs=490 elapsed_ms=0 ts_ms=1783666175685
stwo JIT: compile start component=cairo_air::components::verify_bitwise_xor_12::Eval kernel=stwo_jit_fused_73ad4f300b5c03b9 semantic_hash=73ad4f300b5c03b9 cache_key=c27640c48e579b6a instrs=490 source_bytes=29507 rc_base=0 relax_opt=false ts_ms=1783666175685
stwo JIT: compile+launch end component=cairo_air::components::verify_bitwise_xor_12::Eval kernels=1 elapsed_ms=0 ts_ms=1783666175685
stwo JIT: codegen start component=cairo_air::components::bitwise_builtin::Eval ts_ms=1783666175686
stwo JIT: codegen end component=cairo_air::components::bitwise_builtin::Eval kernels=1 total_instrs=1602 elapsed_ms=0 ts_ms=1783666175686
stwo JIT: compile start component=cairo_air::components::bitwise_builtin::Eval kernel=stwo_jit_fused_e01e51aece8601a3 semantic_hash=e01e51aece8601a3 cache_key=841ad730275bfa31 instrs=1602 source_bytes=81155 rc_base=0 relax_opt=false ts_ms=1783666175686
stwo JIT: compile+launch end component=cairo_air::components::bitwise_builtin::Eval kernels=1 elapsed_ms=0 ts_ms=1783666175686
stwo JIT: codegen start component=cairo_air::components::pedersen_builtin::Eval ts_ms=1783666175687
stwo JIT: codegen end component=cairo_air::components::pedersen_builtin::Eval kernels=1 total_instrs=96 elapsed_ms=0 ts_ms=1783666175687
stwo JIT: compile start component=cairo_air::components::pedersen_builtin::Eval kernel=stwo_jit_fused_be5c30c37e524bca semantic_hash=be5c30c37e524bca cache_key=d0b91fb3d8655fb8 instrs=96 source_bytes=11332 rc_base=0 relax_opt=false ts_ms=1783666175687
stwo JIT: compile+launch end component=cairo_air::components::pedersen_builtin::Eval kernels=1 elapsed_ms=0 ts_ms=1783666175687
stwo JIT: codegen start component=cairo_air::components::poseidon_builtin::Eval ts_ms=1783666175687
stwo JIT: codegen end component=cairo_air::components::poseidon_builtin::Eval kernels=1 total_instrs=173 elapsed_ms=0 ts_ms=1783666175687
stwo JIT: compile start component=cairo_air::components::poseidon_builtin::Eval kernel=stwo_jit_fused_8e66c31ce70ae6d9 semantic_hash=8e66c31ce70ae6d9 cache_key=27cc85376e0a84db instrs=173 source_bytes=15072 rc_base=0 relax_opt=false ts_ms=1783666175687
stwo JIT: compile+launch end component=cairo_air::components::poseidon_builtin::Eval kernels=1 elapsed_ms=0 ts_ms=1783666175687
stwo JIT: codegen start component=cairo_air::components::range_check_builtin::Eval ts_ms=1783666175687
stwo JIT: codegen end component=cairo_air::components::range_check_builtin::Eval kernels=1 total_instrs=135 elapsed_ms=0 ts_ms=1783666175687
stwo JIT: compile start component=cairo_air::components::range_check_builtin::Eval kernel=stwo_jit_fused_dce8d7630af46180 semantic_hash=dce8d7630af46180 cache_key=d38a1ebe1395b88d instrs=135 source_bytes=13561 rc_base=0 relax_opt=false ts_ms=1783666175687
stwo JIT: compile+launch end component=cairo_air::components::range_check_builtin::Eval kernels=1 elapsed_ms=0 ts_ms=1783666175687
stwo JIT: codegen start component=cairo_air::components::ec_op_builtin::Eval ts_ms=1783666175687
stwo JIT: codegen end component=cairo_air::components::ec_op_builtin::Eval kernels=2 total_instrs=2598 elapsed_ms=0 ts_ms=1783666175688
stwo JIT: compile start component=cairo_air::components::ec_op_builtin::Eval kernel=stwo_jit_fused_345e19f8123887a5 semantic_hash=345e19f8123887a5 cache_key=274f366b0e161aed instrs=954 source_bytes=56290 rc_base=0 relax_opt=false ts_ms=1783666175688
stwo JIT: compile start component=cairo_air::components::ec_op_builtin::Eval kernel=stwo_jit_fused_fb86d96361e4982a semantic_hash=fb86d96361e4982a cache_key=f8145e081a604b88 instrs=1644 source_bytes=88850 rc_base=12 relax_opt=false ts_ms=1783666175688
stwo JIT: compile+launch end component=cairo_air::components::ec_op_builtin::Eval kernels=2 elapsed_ms=0 ts_ms=1783666175688
stwo JIT: codegen start component=cairo_air::components::partial_ec_mul_generic::Eval ts_ms=1783666175688
stwo JIT: codegen end component=cairo_air::components::partial_ec_mul_generic::Eval kernels=11 total_instrs=20334 elapsed_ms=7 ts_ms=1783666175696
stwo JIT: compile start component=cairo_air::components::partial_ec_mul_generic::Eval kernel=stwo_jit_fused_a825a049ba6a952f semantic_hash=a825a049ba6a952f cache_key=938d4c6c79c6c68e instrs=1963 source_bytes=94180 rc_base=0 relax_opt=false ts_ms=1783666175696
stwo JIT: compile start component=cairo_air::components::partial_ec_mul_generic::Eval kernel=stwo_jit_fused_a5a22a904ae7719a semantic_hash=a5a22a904ae7719a cache_key=0d85e62852e65bf1 instrs=2041 source_bytes=93357 rc_base=55 relax_opt=false ts_ms=1783666175696
stwo JIT: compile start component=cairo_air::components::partial_ec_mul_generic::Eval kernel=stwo_jit_fused_fd5f6abc639c7ad3 semantic_hash=fd5f6abc639c7ad3 cache_key=00f8a89b9d11ef90 instrs=1943 source_bytes=101819 rc_base=86 relax_opt=false ts_ms=1783666175696
stwo JIT: compile start component=cairo_air::components::partial_ec_mul_generic::Eval kernel=stwo_jit_fused_49565bc27a55d074 semantic_hash=49565bc27a55d074 cache_key=ef130c4b88f1d0bf instrs=1942 source_bytes=89769 rc_base=167 relax_opt=false ts_ms=1783666175696
stwo JIT: compile start component=cairo_air::components::partial_ec_mul_generic::Eval kernel=stwo_jit_fused_3a940a524062d0a6 semantic_hash=3a940a524062d0a6 cache_key=95cbc777b66614e4 instrs=1969 source_bytes=86758 rc_base=207 relax_opt=false ts_ms=1783666175696
stwo JIT: compile start component=cairo_air::components::partial_ec_mul_generic::Eval kernel=stwo_jit_fused_9927162c86fc449f semantic_hash=9927162c86fc449f cache_key=b52eac7ce08c782d instrs=1934 source_bytes=87320 rc_base=237 relax_opt=false ts_ms=1783666175696
stwo JIT: compile start component=cairo_air::components::partial_ec_mul_generic::Eval kernel=stwo_jit_fused_a80c5d6eff945be0 semantic_hash=a80c5d6eff945be0 cache_key=55e5013d1c80a943 instrs=2048 source_bytes=100081 rc_base=265 relax_opt=false ts_ms=1783666175696
stwo JIT: compile start component=cairo_air::components::partial_ec_mul_generic::Eval kernel=stwo_jit_fused_342c812094c790bf semantic_hash=342c812094c790bf cache_key=eca6e39dfa7fda85 instrs=2012 source_bytes=115751 rc_base=303 relax_opt=false ts_ms=1783666175696
stwo JIT: compile start component=cairo_air::components::partial_ec_mul_generic::Eval kernel=stwo_jit_fused_f72f80a3f2b92cfe semantic_hash=f72f80a3f2b92cfe cache_key=ba7e655bf934f6ca instrs=2026 source_bytes=117395 rc_base=359 relax_opt=false ts_ms=1783666175696
stwo JIT: compile start component=cairo_air::components::partial_ec_mul_generic::Eval kernel=stwo_jit_fused_229943774e0da851 semantic_hash=229943774e0da851 cache_key=522e1e85e10cfb65 instrs=1170 source_bytes=69007 rc_base=414 relax_opt=false ts_ms=1783666175696
stwo JIT: compile start component=cairo_air::components::partial_ec_mul_generic::Eval kernel=stwo_jit_fused_30f739c2d3c73514 semantic_hash=30f739c2d3c73514 cache_key=9e4eeea66a271785 instrs=1286 source_bytes=73881 rc_base=447 relax_opt=false ts_ms=1783666175696
stwo JIT: compile+launch end component=cairo_air::components::partial_ec_mul_generic::Eval kernels=11 elapsed_ms=0 ts_ms=1783666175696
stwo JIT: codegen start component=cairo_air::components::pedersen_aggregator_window_bits_18::Eval ts_ms=1783666175729
stwo JIT: codegen end component=cairo_air::components::pedersen_aggregator_window_bits_18::Eval kernels=1 total_instrs=1918 elapsed_ms=0 ts_ms=1783666175730
stwo JIT: compile start component=cairo_air::components::pedersen_aggregator_window_bits_18::Eval kernel=stwo_jit_fused_38d89578fcdc1c7c semantic_hash=38d89578fcdc1c7c cache_key=43130551ff46c455 instrs=1918 source_bytes=99637 rc_base=0 relax_opt=false ts_ms=1783666175730
stwo JIT: compile+launch end component=cairo_air::components::pedersen_aggregator_window_bits_18::Eval kernels=1 elapsed_ms=0 ts_ms=1783666175730
stwo JIT: codegen start component=cairo_air::components::partial_ec_mul_window_bits_18::Eval ts_ms=1783666175730
stwo JIT: codegen end component=cairo_air::components::partial_ec_mul_window_bits_18::Eval kernels=5 total_instrs=8904 elapsed_ms=2 ts_ms=1783666175733
stwo JIT: compile start component=cairo_air::components::partial_ec_mul_window_bits_18::Eval kernel=stwo_jit_fused_86a901b804923a10 semantic_hash=86a901b804923a10 cache_key=1ab049f2a1c4ff32 instrs=2041 source_bytes=92272 rc_base=0 relax_opt=false ts_ms=1783666175733
stwo JIT: compile start component=cairo_air::components::partial_ec_mul_window_bits_18::Eval kernel=stwo_jit_fused_88abad321f9b225e semantic_hash=88abad321f9b225e cache_key=bdfea75f60bf42ca instrs=1959 source_bytes=89916 rc_base=31 relax_opt=false ts_ms=1783666175733
stwo JIT: compile start component=cairo_air::components::partial_ec_mul_window_bits_18::Eval kernel=stwo_jit_fused_fafdbb942f7afd88 semantic_hash=fafdbb942f7afd88 cache_key=c2631bd0d61a0e70 instrs=2028 source_bytes=97821 rc_base=59 relax_opt=false ts_ms=1783666175733
stwo JIT: compile start component=cairo_air::components::partial_ec_mul_window_bits_18::Eval kernel=stwo_jit_fused_73dba529a778dc70 semantic_hash=73dba529a778dc70 cache_key=59261525ff27b3f7 instrs=2015 source_bytes=115775 rc_base=89 relax_opt=false ts_ms=1783666175733
stwo JIT: compile start component=cairo_air::components::partial_ec_mul_window_bits_18::Eval kernel=stwo_jit_fused_13b40cb8bc3f2903 semantic_hash=13b40cb8bc3f2903 cache_key=37fde1600beee62c instrs=861 source_bytes=51619 rc_base=145 relax_opt=false ts_ms=1783666175733
stwo JIT: compile+launch end component=cairo_air::components::partial_ec_mul_window_bits_18::Eval kernels=5 elapsed_ms=0 ts_ms=1783666175733
stwo JIT: codegen start component=cairo_air::components::pedersen_points_table_window_bits_18::Eval ts_ms=1783666175788
stwo JIT: codegen end component=cairo_air::components::pedersen_points_table_window_bits_18::Eval kernels=1 total_instrs=307 elapsed_ms=0 ts_ms=1783666175788
stwo JIT: compile start component=cairo_air::components::pedersen_points_table_window_bits_18::Eval kernel=stwo_jit_fused_6d15c44abe421789 semantic_hash=6d15c44abe421789 cache_key=2e3eccbf87dcd53e instrs=307 source_bytes=22677 rc_base=0 relax_opt=false ts_ms=1783666175788
stwo JIT: compile+launch end component=cairo_air::components::pedersen_points_table_window_bits_18::Eval kernels=1 elapsed_ms=0 ts_ms=1783666175788
stwo JIT: codegen start component=cairo_air::components::poseidon_aggregator::Eval ts_ms=1783666175793
stwo JIT: codegen end component=cairo_air::components::poseidon_aggregator::Eval kernels=3 total_instrs=4436 elapsed_ms=1 ts_ms=1783666175794
stwo JIT: compile start component=cairo_air::components::poseidon_aggregator::Eval kernel=stwo_jit_fused_3b6a2b9af05716bc semantic_hash=3b6a2b9af05716bc cache_key=3d482973d4d2ba8f instrs=1934 source_bytes=97650 rc_base=0 relax_opt=false ts_ms=1783666175794
stwo JIT: compile start component=cairo_air::components::poseidon_aggregator::Eval kernel=stwo_jit_fused_b6cc3b9a735492be semantic_hash=b6cc3b9a735492be cache_key=ff2c767739af6bea instrs=1822 source_bytes=87503 rc_base=40 relax_opt=false ts_ms=1783666175794
stwo JIT: compile start component=cairo_air::components::poseidon_aggregator::Eval kernel=stwo_jit_fused_c9c647c15f2d8884 semantic_hash=c9c647c15f2d8884 cache_key=2b7ba77c434ef9f3 instrs=680 source_bytes=38064 rc_base=49 relax_opt=false ts_ms=1783666175794
stwo JIT: compile+launch end component=cairo_air::components::poseidon_aggregator::Eval kernels=3 elapsed_ms=0 ts_ms=1783666175794
stwo JIT: codegen start component=cairo_air::components::poseidon_3_partial_rounds_chain::Eval ts_ms=1783666175794
stwo JIT: codegen end component=cairo_air::components::poseidon_3_partial_rounds_chain::Eval kernels=2 total_instrs=2231 elapsed_ms=0 ts_ms=1783666175795
stwo JIT: compile start component=cairo_air::components::poseidon_3_partial_rounds_chain::Eval kernel=stwo_jit_fused_9bd43e62338a819d semantic_hash=9bd43e62338a819d cache_key=99235b4e75c03b7e instrs=1775 source_bytes=87153 rc_base=0 relax_opt=false ts_ms=1783666175795
stwo JIT: compile start component=cairo_air::components::poseidon_3_partial_rounds_chain::Eval kernel=stwo_jit_fused_2a2157ac10240c20 semantic_hash=2a2157ac10240c20 cache_key=41f19eb13bc4275c instrs=456 source_bytes=30246 rc_base=45 relax_opt=false ts_ms=1783666175795
stwo JIT: compile+launch end component=cairo_air::components::poseidon_3_partial_rounds_chain::Eval kernels=2 elapsed_ms=0 ts_ms=1783666175795
stwo JIT: codegen start component=cairo_air::components::poseidon_full_round_chain::Eval ts_ms=1783666175796
stwo JIT: codegen end component=cairo_air::components::poseidon_full_round_chain::Eval kernels=1 total_instrs=1325 elapsed_ms=0 ts_ms=1783666175797
stwo JIT: compile start component=cairo_air::components::poseidon_full_round_chain::Eval kernel=stwo_jit_fused_216f562d8a710df7 semantic_hash=216f562d8a710df7 cache_key=5778c9f6db5cf1d6 instrs=1325 source_bytes=67425 rc_base=0 relax_opt=false ts_ms=1783666175797
stwo JIT: compile+launch end component=cairo_air::components::poseidon_full_round_chain::Eval kernels=1 elapsed_ms=0 ts_ms=1783666175797
stwo JIT: codegen start component=cairo_air::components::cube_252::Eval ts_ms=1783666175797
stwo JIT: codegen end component=cairo_air::components::cube_252::Eval kernels=3 total_instrs=5406 elapsed_ms=1 ts_ms=1783666175799
stwo JIT: compile start component=cairo_air::components::cube_252::Eval kernel=stwo_jit_fused_236ecb1645901ac0 semantic_hash=236ecb1645901ac0 cache_key=c687f168b5760e1f instrs=1943 source_bytes=84152 rc_base=0 relax_opt=false ts_ms=1783666175799
stwo JIT: compile start component=cairo_air::components::cube_252::Eval kernel=stwo_jit_fused_f98780e88d7e4690 semantic_hash=f98780e88d7e4690 cache_key=7c0e5e9ed1f1e625 instrs=2019 source_bytes=93964 rc_base=31 relax_opt=false ts_ms=1783666175799
stwo JIT: compile start component=cairo_air::components::cube_252::Eval kernel=stwo_jit_fused_898f5baace96c569 semantic_hash=898f5baace96c569 cache_key=c91808b47dc924cf instrs=1444 source_bytes=82329 rc_base=70 relax_opt=false ts_ms=1783666175799
stwo JIT: compile+launch end component=cairo_air::components::cube_252::Eval kernels=3 elapsed_ms=0 ts_ms=1783666175799
stwo JIT: codegen start component=cairo_air::components::poseidon_round_keys::Eval ts_ms=1783666175815
stwo JIT: codegen end component=cairo_air::components::poseidon_round_keys::Eval kernels=1 total_instrs=177 elapsed_ms=0 ts_ms=1783666175815
stwo JIT: compile start component=cairo_air::components::poseidon_round_keys::Eval kernel=stwo_jit_fused_6eec0240134c359d semantic_hash=6eec0240134c359d cache_key=72234bdb224e728d instrs=177 source_bytes=16047 rc_base=0 relax_opt=false ts_ms=1783666175815
stwo JIT: compile+launch end component=cairo_air::components::poseidon_round_keys::Eval kernels=1 elapsed_ms=0 ts_ms=1783666175815
stwo JIT: codegen start component=cairo_air::components::range_check_252_width_27::Eval ts_ms=1783666175815
stwo JIT: codegen end component=cairo_air::components::range_check_252_width_27::Eval kernels=1 total_instrs=327 elapsed_ms=0 ts_ms=1783666175815
stwo JIT: compile start component=cairo_air::components::range_check_252_width_27::Eval kernel=stwo_jit_fused_f546a8bace1705fa semantic_hash=f546a8bace1705fa cache_key=c2a3991180dc0c6d instrs=327 source_bytes=23693 rc_base=0 relax_opt=false ts_ms=1783666175815
stwo JIT: compile+launch end component=cairo_air::components::range_check_252_width_27::Eval kernels=1 elapsed_ms=0 ts_ms=1783666175815
stwo JIT: codegen start component=cairo_air::components::memory_address_to_id::Eval ts_ms=1783666175816
stwo JIT: codegen end component=cairo_air::components::memory_address_to_id::Eval kernels=1 total_instrs=378 elapsed_ms=0 ts_ms=1783666175816
stwo JIT: compile start component=cairo_air::components::memory_address_to_id::Eval kernel=stwo_jit_fused_3c4eba302b5cb3ed semantic_hash=3c4eba302b5cb3ed cache_key=b739dbe5ffa5866b instrs=378 source_bytes=25923 rc_base=0 relax_opt=false ts_ms=1783666175816
stwo JIT: compile+launch end component=cairo_air::components::memory_address_to_id::Eval kernels=1 elapsed_ms=0 ts_ms=1783666175816
stwo JIT: codegen start component=cairo_air::components::memory_id_to_big::BigEval ts_ms=1783666175818
stwo JIT: codegen end component=cairo_air::components::memory_id_to_big::BigEval kernels=1 total_instrs=423 elapsed_ms=0 ts_ms=1783666175818
stwo JIT: compile start component=cairo_air::components::memory_id_to_big::BigEval kernel=stwo_jit_fused_d0a2396eb5e8e845 semantic_hash=d0a2396eb5e8e845 cache_key=8e3c0eaec20fdd9f instrs=423 source_bytes=28033 rc_base=0 relax_opt=false ts_ms=1783666175818
stwo JIT: compile+launch end component=cairo_air::components::memory_id_to_big::BigEval kernels=1 elapsed_ms=0 ts_ms=1783666175818
stwo JIT: codegen start component=cairo_air::components::memory_id_to_small::Eval ts_ms=1783666175818
stwo JIT: codegen end component=cairo_air::components::memory_id_to_small::Eval kernels=1 total_instrs=139 elapsed_ms=0 ts_ms=1783666175818
stwo JIT: compile start component=cairo_air::components::memory_id_to_small::Eval kernel=stwo_jit_fused_509c4d39b553946d semantic_hash=509c4d39b553946d cache_key=c1687d6fa328bb5d instrs=139 source_bytes=13876 rc_base=0 relax_opt=false ts_ms=1783666175818
stwo JIT: compile+launch end component=cairo_air::components::memory_id_to_small::Eval kernels=1 elapsed_ms=0 ts_ms=1783666175818
stwo JIT: codegen start component=cairo_air::components::range_check_6::Eval ts_ms=1783666175819
stwo JIT: codegen end component=cairo_air::components::range_check_6::Eval kernels=1 total_instrs=27 elapsed_ms=0 ts_ms=1783666175819
stwo JIT: compile start component=cairo_air::components::range_check_6::Eval kernel=stwo_jit_fused_b455671faf7e7149 semantic_hash=b455671faf7e7149 cache_key=5754f8a873a52740 instrs=27 source_bytes=8407 rc_base=0 relax_opt=false ts_ms=1783666175819
stwo JIT: compile+launch end component=cairo_air::components::range_check_6::Eval kernels=1 elapsed_ms=0 ts_ms=1783666175819
stwo JIT: codegen start component=cairo_air::components::range_check_8::Eval ts_ms=1783666175819
stwo JIT: codegen end component=cairo_air::components::range_check_8::Eval kernels=1 total_instrs=27 elapsed_ms=0 ts_ms=1783666175819
stwo JIT: compile start component=cairo_air::components::range_check_8::Eval kernel=stwo_jit_fused_b455671faf7e7149 semantic_hash=b455671faf7e7149 cache_key=5754f8a873a52740 instrs=27 source_bytes=8407 rc_base=0 relax_opt=false ts_ms=1783666175819
stwo JIT: compile+launch end component=cairo_air::components::range_check_8::Eval kernels=1 elapsed_ms=0 ts_ms=1783666175819
stwo JIT: codegen start component=cairo_air::components::range_check_11::Eval ts_ms=1783666175819
stwo JIT: codegen end component=cairo_air::components::range_check_11::Eval kernels=1 total_instrs=27 elapsed_ms=0 ts_ms=1783666175819
stwo JIT: compile start component=cairo_air::components::range_check_11::Eval kernel=stwo_jit_fused_b455671faf7e7149 semantic_hash=b455671faf7e7149 cache_key=5754f8a873a52740 instrs=27 source_bytes=8407 rc_base=0 relax_opt=false ts_ms=1783666175820
stwo JIT: compile+launch end component=cairo_air::components::range_check_11::Eval kernels=1 elapsed_ms=0 ts_ms=1783666175820
stwo JIT: codegen start component=cairo_air::components::range_check_12::Eval ts_ms=1783666175820
stwo JIT: codegen end component=cairo_air::components::range_check_12::Eval kernels=1 total_instrs=27 elapsed_ms=0 ts_ms=1783666175820
stwo JIT: compile start component=cairo_air::components::range_check_12::Eval kernel=stwo_jit_fused_b455671faf7e7149 semantic_hash=b455671faf7e7149 cache_key=5754f8a873a52740 instrs=27 source_bytes=8407 rc_base=0 relax_opt=false ts_ms=1783666175820
stwo JIT: compile+launch end component=cairo_air::components::range_check_12::Eval kernels=1 elapsed_ms=0 ts_ms=1783666175820
stwo JIT: codegen start component=cairo_air::components::range_check_18::Eval ts_ms=1783666175820
stwo JIT: codegen end component=cairo_air::components::range_check_18::Eval kernels=1 total_instrs=41 elapsed_ms=0 ts_ms=1783666175820
stwo JIT: compile start component=cairo_air::components::range_check_18::Eval kernel=stwo_jit_fused_5110e647be737a71 semantic_hash=5110e647be737a71 cache_key=60f1edbf38c46846 instrs=41 source_bytes=9008 rc_base=0 relax_opt=false ts_ms=1783666175820
stwo JIT: compile+launch end component=cairo_air::components::range_check_18::Eval kernels=1 elapsed_ms=0 ts_ms=1783666175820
stwo JIT: codegen start component=cairo_air::components::range_check_20::Eval ts_ms=1783666175820
stwo JIT: codegen end component=cairo_air::components::range_check_20::Eval kernels=1 total_instrs=137 elapsed_ms=0 ts_ms=1783666175820
stwo JIT: compile start component=cairo_air::components::range_check_20::Eval kernel=stwo_jit_fused_f3c5592c25df0a2b semantic_hash=f3c5592c25df0a2b cache_key=fde450a0c79effe4 instrs=137 source_bytes=14375 rc_base=0 relax_opt=false ts_ms=1783666175820
stwo JIT: compile+launch end component=cairo_air::components::range_check_20::Eval kernels=1 elapsed_ms=0 ts_ms=1783666175820
stwo JIT: codegen start component=cairo_air::components::range_check_4_3::Eval ts_ms=1783666175820
stwo JIT: codegen end component=cairo_air::components::range_check_4_3::Eval kernels=1 total_instrs=32 elapsed_ms=0 ts_ms=1783666175820
stwo JIT: compile start component=cairo_air::components::range_check_4_3::Eval kernel=stwo_jit_fused_bfbf5a8a40591289 semantic_hash=bfbf5a8a40591289 cache_key=785f1d2fda1ea922 instrs=32 source_bytes=8657 rc_base=0 relax_opt=false ts_ms=1783666175820
stwo JIT: compile+launch end component=cairo_air::components::range_check_4_3::Eval kernels=1 elapsed_ms=0 ts_ms=1783666175820
stwo JIT: codegen start component=cairo_air::components::range_check_4_4::Eval ts_ms=1783666175820
stwo JIT: codegen end component=cairo_air::components::range_check_4_4::Eval kernels=1 total_instrs=32 elapsed_ms=0 ts_ms=1783666175820
stwo JIT: compile start component=cairo_air::components::range_check_4_4::Eval kernel=stwo_jit_fused_bfbf5a8a40591289 semantic_hash=bfbf5a8a40591289 cache_key=785f1d2fda1ea922 instrs=32 source_bytes=8657 rc_base=0 relax_opt=false ts_ms=1783666175820
stwo JIT: compile+launch end component=cairo_air::components::range_check_4_4::Eval kernels=1 elapsed_ms=0 ts_ms=1783666175820
stwo JIT: codegen start component=cairo_air::components::range_check_9_9::Eval ts_ms=1783666175820
stwo JIT: codegen end component=cairo_air::components::range_check_9_9::Eval kernels=1 total_instrs=170 elapsed_ms=0 ts_ms=1783666175820
stwo JIT: compile start component=cairo_air::components::range_check_9_9::Eval kernel=stwo_jit_fused_90ffbc48bba4e133 semantic_hash=90ffbc48bba4e133 cache_key=49615d8c7e35be8c instrs=170 source_bytes=15758 rc_base=0 relax_opt=false ts_ms=1783666175820
stwo JIT: compile+launch end component=cairo_air::components::range_check_9_9::Eval kernels=1 elapsed_ms=0 ts_ms=1783666175820
stwo JIT: codegen start component=cairo_air::components::range_check_7_2_5::Eval ts_ms=1783666175821
stwo JIT: codegen end component=cairo_air::components::range_check_7_2_5::Eval kernels=1 total_instrs=37 elapsed_ms=0 ts_ms=1783666175821
stwo JIT: compile start component=cairo_air::components::range_check_7_2_5::Eval kernel=stwo_jit_fused_b6da13dc52c21465 semantic_hash=b6da13dc52c21465 cache_key=7e0b6c8348014c9a instrs=37 source_bytes=8907 rc_base=0 relax_opt=false ts_ms=1783666175821
stwo JIT: compile+launch end component=cairo_air::components::range_check_7_2_5::Eval kernels=1 elapsed_ms=0 ts_ms=1783666175821
stwo JIT: codegen start component=cairo_air::components::range_check_3_6_6_3::Eval ts_ms=1783666175821
stwo JIT: codegen end component=cairo_air::components::range_check_3_6_6_3::Eval kernels=1 total_instrs=42 elapsed_ms=0 ts_ms=1783666175821
stwo JIT: compile start component=cairo_air::components::range_check_3_6_6_3::Eval kernel=stwo_jit_fused_8bfe46e1447d7e33 semantic_hash=8bfe46e1447d7e33 cache_key=7427d3ae2749288a instrs=42 source_bytes=9157 rc_base=0 relax_opt=false ts_ms=1783666175821
stwo JIT: compile+launch end component=cairo_air::components::range_check_3_6_6_3::Eval kernels=1 elapsed_ms=0 ts_ms=1783666175821
stwo JIT: codegen start component=cairo_air::components::range_check_4_4_4_4::Eval ts_ms=1783666175821
stwo JIT: codegen end component=cairo_air::components::range_check_4_4_4_4::Eval kernels=1 total_instrs=42 elapsed_ms=0 ts_ms=1783666175821
stwo JIT: compile start component=cairo_air::components::range_check_4_4_4_4::Eval kernel=stwo_jit_fused_8bfe46e1447d7e33 semantic_hash=8bfe46e1447d7e33 cache_key=7427d3ae2749288a instrs=42 source_bytes=9157 rc_base=0 relax_opt=false ts_ms=1783666175821
stwo JIT: compile+launch end component=cairo_air::components::range_check_4_4_4_4::Eval kernels=1 elapsed_ms=0 ts_ms=1783666175821
stwo JIT: codegen start component=cairo_air::components::range_check_3_3_3_3_3::Eval ts_ms=1783666175821
stwo JIT: codegen end component=cairo_air::components::range_check_3_3_3_3_3::Eval kernels=1 total_instrs=47 elapsed_ms=0 ts_ms=1783666175821
stwo JIT: compile start component=cairo_air::components::range_check_3_3_3_3_3::Eval kernel=stwo_jit_fused_264153f324dfa389 semantic_hash=264153f324dfa389 cache_key=08e5448d4cd611c0 instrs=47 source_bytes=9407 rc_base=0 relax_opt=false ts_ms=1783666175821
stwo JIT: compile+launch end component=cairo_air::components::range_check_3_3_3_3_3::Eval kernels=1 elapsed_ms=0 ts_ms=1783666175821
stwo JIT: codegen start component=cairo_air::components::verify_bitwise_xor_4::Eval ts_ms=1783666175821
stwo JIT: codegen end component=cairo_air::components::verify_bitwise_xor_4::Eval kernels=1 total_instrs=37 elapsed_ms=0 ts_ms=1783666175821
stwo JIT: compile start component=cairo_air::components::verify_bitwise_xor_4::Eval kernel=stwo_jit_fused_b6da13dc52c21465 semantic_hash=b6da13dc52c21465 cache_key=7e0b6c8348014c9a instrs=37 source_bytes=8907 rc_base=0 relax_opt=false ts_ms=1783666175821
stwo JIT: compile+launch end component=cairo_air::components::verify_bitwise_xor_4::Eval kernels=1 elapsed_ms=0 ts_ms=1783666175821
stwo JIT: codegen start component=cairo_air::components::verify_bitwise_xor_7::Eval ts_ms=1783666175821
stwo JIT: codegen end component=cairo_air::components::verify_bitwise_xor_7::Eval kernels=1 total_instrs=37 elapsed_ms=0 ts_ms=1783666175821
stwo JIT: compile start component=cairo_air::components::verify_bitwise_xor_7::Eval kernel=stwo_jit_fused_b6da13dc52c21465 semantic_hash=b6da13dc52c21465 cache_key=7e0b6c8348014c9a instrs=37 source_bytes=8907 rc_base=0 relax_opt=false ts_ms=1783666175821
stwo JIT: compile+launch end component=cairo_air::components::verify_bitwise_xor_7::Eval kernels=1 elapsed_ms=0 ts_ms=1783666175821
stwo JIT: codegen start component=cairo_air::components::verify_bitwise_xor_8::Eval ts_ms=1783666175821
stwo JIT: codegen end component=cairo_air::components::verify_bitwise_xor_8::Eval kernels=1 total_instrs=59 elapsed_ms=0 ts_ms=1783666175821
stwo JIT: compile start component=cairo_air::components::verify_bitwise_xor_8::Eval kernel=stwo_jit_fused_ad13f4b2c221bfc7 semantic_hash=ad13f4b2c221bfc7 cache_key=2d7a146fd5a09609 instrs=59 source_bytes=9813 rc_base=0 relax_opt=false ts_ms=1783666175821
stwo JIT: compile+launch end component=cairo_air::components::verify_bitwise_xor_8::Eval kernels=1 elapsed_ms=0 ts_ms=1783666175821
stwo JIT: codegen start component=cairo_air::components::verify_bitwise_xor_9::Eval ts_ms=1783666175821
stwo JIT: codegen end component=cairo_air::components::verify_bitwise_xor_9::Eval kernels=1 total_instrs=37 elapsed_ms=0 ts_ms=1783666175821
stwo JIT: compile start component=cairo_air::components::verify_bitwise_xor_9::Eval kernel=stwo_jit_fused_b6da13dc52c21465 semantic_hash=b6da13dc52c21465 cache_key=7e0b6c8348014c9a instrs=37 source_bytes=8907 rc_base=0 relax_opt=false ts_ms=1783666175821
stwo JIT: compile+launch end component=cairo_air::components::verify_bitwise_xor_9::Eval kernels=1 elapsed_ms=0 ts_ms=1783666175821
vram_phase[stark_core]: used_high=37.79GB reserved_high=43.62GB
rep=2 prove_s=5.694
jit_prove[jump_opcode_rel]: device witness 903 real rows (log_size 10) in 1.9 ms
jit_prove[call_opcode_abs]: device witness 359 real rows (log_size 9) in 2.3 ms
jit_prove[jump_opcode_double_deref]: device witness 358 real rows (log_size 9) in 2.7 ms
jit_prove[jnz_opcode_non_taken]: device witness 115005 real rows (log_size 17) in 15.4 ms
jit_prove[assert_eq_opcode_imm]: device witness 478552 real rows (log_size 19) in 16.4 ms
jit_prove[ret_opcode]: device witness 258366 real rows (log_size 18) in 16.9 ms
jit_prove[call_opcode_abs]: device mem count feed merged 2 families
jit_prove[call_opcode_rel_imm]: device witness 258007 real rows (log_size 18) in 22.9 ms
jit_prove[assert_eq_opcode_imm]: device mem count feed merged 1 families
jit_prove[mul_opcode_small]: device witness 379774 real rows (log_size 19) in 26.6 ms
jit_prove[add_ap_opcode]: device witness 402083 real rows (log_size 19) in 18.4 ms
jit_prove[call_opcode_rel_imm]: device mem count feed merged 2 families
jit_prove[ret_opcode]: device mem count feed merged 2 families
jit_prove[jump_opcode_double_deref]: device mem count feed merged 2 families
jit_prove[jump_opcode_rel]: device mem count feed merged 2 families
jit_prove[jump_opcode_rel_imm]: device witness 356937 real rows (log_size 19) in 64.1 ms
jit_prove[jnz_opcode_non_taken]: device mem count feed merged 2 families
jit_prove[mul_opcode]: device witness 130858 real rows (log_size 17) in 78.3 ms
jit_prove[blake_compress_opcode]: device witness 40143 real rows (log_size 16) in 85.9 ms
jit_prove[add_opcode]: device witness 651967 real rows (log_size 20) in 95.7 ms
jit_prove[jnz_opcode_taken]: device witness 569029 real rows (log_size 20) in 105.3 ms
jit_prove[add_ap_opcode]: device count feed merged 5 relation families
jit_prove[assert_eq_opcode]: device witness 957056 real rows (log_size 20) in 110.8 ms
jit_prove[mul_opcode_small]: device count feed merged 4 relation families
jit_prove[blake_compress_opcode]: device count feed merged 4 relation families
jit_prove[assert_eq_opcode_double_deref]: device witness 1798509 real rows (log_size 21) in 130.8 ms
jit_prove[add_opcode]: device mem count feed merged 2 families
jit_prove[jump_opcode_rel_imm]: device mem count feed merged 2 families
jit_prove[jnz_opcode_taken]: device mem count feed merged 2 families
jit_prove[assert_eq_opcode]: device mem count feed merged 1 families
jit_prove[blake_compress_opcode]: stashed device edge for blake_round (host recovery mirror retained)
jit_prove[add_opcode_small]: device witness 1579491 real rows (log_size 21) in 179.5 ms
jit_prove[assert_eq_opcode_double_deref]: device mem count feed merged 2 families
jit_prove[mul_opcode]: device count feed merged 4 relation families
jit_prove[add_opcode_small]: device mem count feed merged 2 families
jit_prove[blake_round]: device witness 655360 real rows (log_size 20) in 3.0 ms
jit_prove[verify_instruction]: device witness 51638 real rows (log_size 16) in 7.1 ms
jit_prove[verify_instruction]: device count feed merged 4 relation families
jit_prove[blake_round]: device count feed merged 5 relation families
jit_prove[blake_round]: stashed device edge for blake_g (host recovery mirror skipped)
jit_prove[triple_xor_32]: device witness 524288 real rows (log_size 19) in 27.1 ms
jit_prove[pedersen_aggregator_window_bits_18]: device witness 18258 real rows (log_size 15) in 3.2 ms
jit_prove[pedersen_aggregator_window_bits_18]: device count feed merged 3 relation families
jit_prove[pedersen_aggregator_window_bits_18]: stashed device edge for partial_ec_mul_window_bits_18 (host recovery mirror skipped)
jit_prove[partial_ec_mul_window_bits_18]: device witness 917504 real rows (log_size 20) in 5.9 ms
jit_prove[partial_ec_mul_window_bits_18]: device count feed merged 3 relation families
jit_prove[cube_252]: device witness 499712 real rows (log_size 19) in 3.1 ms
jit_prove[cube_252]: device count feed merged 2 relation families
jit_prove[partial_ec_mul_generic]: device witness 258048 real rows (log_size 18) in 15.0 ms
jit_prove[partial_ec_mul_generic]: device count feed merged 3 relation families
jit_prove[range_check_252_width_27]: device witness 401408 real rows (log_size 19) in 23.1 ms
jit_prove[range_check_252_width_27]: device count feed merged 2 relation families
vram_phase[witness]: used_high=34.43GB reserved_high=43.62GB
vram_phase[preprocessed_tree]: used_high=29.58GB reserved_high=43.62GB
vram_phase[base_commit]: used_high=43.59GB reserved_high=43.62GB
jit_interaction[add_opcode]: device logup 1048576 rows x 5 cols in 1.9 ms
jit_interaction[add_opcode_small]: device logup 2097152 rows x 5 cols in 2.7 ms
jit_interaction[add_ap_opcode]: device logup 524288 rows x 4 cols in 1.1 ms
jit_interaction[assert_eq_opcode]: device logup 1048576 rows x 3 cols in 0.9 ms
jit_interaction[assert_eq_opcode_imm]: device logup 524288 rows x 3 cols in 0.8 ms
jit_interaction[assert_eq_opcode_double_deref]: device logup 2097152 rows x 4 cols in 2.0 ms
jit_interaction[blake_compress_opcode]: device logup 65536 rows x 37 cols in 2.5 ms
jit_interaction[call_opcode_abs]: device logup 512 rows x 5 cols in 0.4 ms
jit_interaction[call_opcode_rel_imm]: device logup 262144 rows x 5 cols in 0.6 ms
jit_interaction[jnz_opcode_non_taken]: device logup 131072 rows x 3 cols in 0.4 ms
jit_interaction[jnz_opcode_taken]: device logup 1048576 rows x 4 cols in 1.3 ms
jit_interaction[jump_opcode_double_deref]: device logup 512 rows x 4 cols in 0.6 ms
jit_interaction[jump_opcode_rel]: device logup 1024 rows x 3 cols in 0.3 ms
jit_interaction[jump_opcode_rel_imm]: device logup 524288 rows x 3 cols in 0.6 ms
jit_interaction[mul_opcode]: device logup 131072 rows x 19 cols in 1.3 ms
jit_interaction[mul_opcode_small]: device logup 524288 rows x 6 cols in 1.1 ms
jit_interaction[ret_opcode]: device logup 262144 rows x 4 cols in 0.7 ms
jit_interaction[verify_instruction]: device logup 65536 rows x 3 cols in 0.4 ms
jit_interaction[blake_round]: device logup 1048576 rows x 30 cols in 8.7 ms
jit_interaction[triple_xor_32]: device logup 524288 rows x 5 cols in 0.8 ms
jit_interaction[partial_ec_mul_generic]: device logup 262144 rows x 157 cols in 10.1 ms
jit_interaction[pedersen_aggregator_window_bits_18]: device logup 32768 rows x 6 cols in 0.7 ms
jit_interaction[partial_ec_mul_window_bits_18]: device logup 1048576 rows x 65 cols in 12.2 ms
jit_interaction[cube_252]: device logup 524288 rows x 50 cols in 5.2 ms
jit_interaction[range_check_252_width_27]: device logup 524288 rows x 8 cols in 1.0 ms
vram_phase[interaction_write]: used_high=39.67GB reserved_high=43.62GB
vram_phase[interaction_commit]: used_high=39.85GB reserved_high=43.62GB
stwo JIT: codegen start component=cairo_air::components::add_opcode::Eval ts_ms=1783666181291
stwo JIT: codegen end component=cairo_air::components::add_opcode::Eval kernels=1 total_instrs=906 elapsed_ms=0 ts_ms=1783666181292
stwo JIT: compile start component=cairo_air::components::add_opcode::Eval kernel=stwo_jit_fused_c4fc2550c1ac56b8 semantic_hash=c4fc2550c1ac56b8 cache_key=fed62507369c1c00 instrs=906 source_bytes=52115 rc_base=0 relax_opt=false ts_ms=1783666181292
stwo JIT: compile+launch end component=cairo_air::components::add_opcode::Eval kernels=1 elapsed_ms=0 ts_ms=1783666181292
stwo JIT: codegen start component=cairo_air::components::add_opcode_small::Eval ts_ms=1783666181295
stwo JIT: codegen end component=cairo_air::components::add_opcode_small::Eval kernels=1 total_instrs=771 elapsed_ms=0 ts_ms=1783666181295
stwo JIT: compile start component=cairo_air::components::add_opcode_small::Eval kernel=stwo_jit_fused_f2af531532ff03c4 semantic_hash=f2af531532ff03c4 cache_key=8668572a11b345db instrs=771 source_bytes=42620 rc_base=0 relax_opt=false ts_ms=1783666181295
stwo JIT: compile+launch end component=cairo_air::components::add_opcode_small::Eval kernels=1 elapsed_ms=0 ts_ms=1783666181295
stwo JIT: codegen start component=cairo_air::components::add_ap_opcode::Eval ts_ms=1783666181301
stwo JIT: codegen end component=cairo_air::components::add_ap_opcode::Eval kernels=1 total_instrs=361 elapsed_ms=0 ts_ms=1783666181301
stwo JIT: compile start component=cairo_air::components::add_ap_opcode::Eval kernel=stwo_jit_fused_38f2f1291bb6bc30 semantic_hash=38f2f1291bb6bc30 cache_key=a8a79235f2296029 instrs=361 source_bytes=24010 rc_base=0 relax_opt=false ts_ms=1783666181301
stwo JIT: compile+launch end component=cairo_air::components::add_ap_opcode::Eval kernels=1 elapsed_ms=0 ts_ms=1783666181301
stwo JIT: codegen start component=cairo_air::components::assert_eq_opcode::Eval ts_ms=1783666181301
stwo JIT: codegen end component=cairo_air::components::assert_eq_opcode::Eval kernels=1 total_instrs=189 elapsed_ms=0 ts_ms=1783666181302
stwo JIT: compile start component=cairo_air::components::assert_eq_opcode::Eval kernel=stwo_jit_fused_3f818d142612918f semantic_hash=3f818d142612918f cache_key=705ffc197ad8a3cd instrs=189 source_bytes=16251 rc_base=0 relax_opt=false ts_ms=1783666181302
stwo JIT: compile+launch end component=cairo_air::components::assert_eq_opcode::Eval kernels=1 elapsed_ms=0 ts_ms=1783666181302
stwo JIT: codegen start component=cairo_air::components::assert_eq_opcode_imm::Eval ts_ms=1783666181302
stwo JIT: codegen end component=cairo_air::components::assert_eq_opcode_imm::Eval kernels=1 total_instrs=166 elapsed_ms=0 ts_ms=1783666181302
stwo JIT: compile start component=cairo_air::components::assert_eq_opcode_imm::Eval kernel=stwo_jit_fused_d5393c25fbb2874d semantic_hash=d5393c25fbb2874d cache_key=5212ad8933e14a8a instrs=166 source_bytes=15062 rc_base=0 relax_opt=false ts_ms=1783666181302
stwo JIT: compile+launch end component=cairo_air::components::assert_eq_opcode_imm::Eval kernels=1 elapsed_ms=0 ts_ms=1783666181302
stwo JIT: codegen start component=cairo_air::components::assert_eq_opcode_double_deref::Eval ts_ms=1783666181302
stwo JIT: codegen end component=cairo_air::components::assert_eq_opcode_double_deref::Eval kernels=1 total_instrs=266 elapsed_ms=0 ts_ms=1783666181302
stwo JIT: compile start component=cairo_air::components::assert_eq_opcode_double_deref::Eval kernel=stwo_jit_fused_e76fc7d452b58068 semantic_hash=e76fc7d452b58068 cache_key=81ae81db7a3e5faa instrs=266 source_bytes=20187 rc_base=0 relax_opt=false ts_ms=1783666181302
stwo JIT: compile+launch end component=cairo_air::components::assert_eq_opcode_double_deref::Eval kernels=1 elapsed_ms=0 ts_ms=1783666181302
stwo JIT: codegen start component=cairo_air::components::blake_compress_opcode::Eval ts_ms=1783666181304
stwo JIT: codegen end component=cairo_air::components::blake_compress_opcode::Eval kernels=2 total_instrs=3572 elapsed_ms=1 ts_ms=1783666181305
stwo JIT: compile start component=cairo_air::components::blake_compress_opcode::Eval kernel=stwo_jit_fused_5ac117800a3f6cd0 semantic_hash=5ac117800a3f6cd0 cache_key=971352f32bfae829 instrs=2006 source_bytes=101277 rc_base=0 relax_opt=false ts_ms=1783666181305
stwo JIT: compile start component=cairo_air::components::blake_compress_opcode::Eval kernel=stwo_jit_fused_9fc7a29ec077c2f0 semantic_hash=9fc7a29ec077c2f0 cache_key=2986e57f8d528c25 instrs=1566 source_bytes=80940 rc_base=35 relax_opt=false ts_ms=1783666181305
stwo JIT: compile+launch end component=cairo_air::components::blake_compress_opcode::Eval kernels=2 elapsed_ms=0 ts_ms=1783666181305
stwo JIT: codegen start component=cairo_air::components::call_opcode_abs::Eval ts_ms=1783666181307
stwo JIT: codegen end component=cairo_air::components::call_opcode_abs::Eval kernels=1 total_instrs=360 elapsed_ms=0 ts_ms=1783666181307
stwo JIT: compile start component=cairo_air::components::call_opcode_abs::Eval kernel=stwo_jit_fused_aaec7bbec10eedef semantic_hash=aaec7bbec10eedef cache_key=7d894a40fc4241f2 instrs=360 source_bytes=24610 rc_base=0 relax_opt=false ts_ms=1783666181307
stwo JIT: compile+launch end component=cairo_air::components::call_opcode_abs::Eval kernels=1 elapsed_ms=0 ts_ms=1783666181307
stwo JIT: codegen start component=cairo_air::components::call_opcode_rel_imm::Eval ts_ms=1783666181307
stwo JIT: codegen end component=cairo_air::components::call_opcode_rel_imm::Eval kernels=1 total_instrs=449 elapsed_ms=0 ts_ms=1783666181307
stwo JIT: compile start component=cairo_air::components::call_opcode_rel_imm::Eval kernel=stwo_jit_fused_f3770d28731e9baf semantic_hash=f3770d28731e9baf cache_key=d2d25df5e625d8a2 instrs=449 source_bytes=28120 rc_base=0 relax_opt=false ts_ms=1783666181307
stwo JIT: compile+launch end component=cairo_air::components::call_opcode_rel_imm::Eval kernels=1 elapsed_ms=0 ts_ms=1783666181307
stwo JIT: codegen start component=cairo_air::components::jnz_opcode_non_taken::Eval ts_ms=1783666181308
stwo JIT: codegen end component=cairo_air::components::jnz_opcode_non_taken::Eval kernels=1 total_instrs=216 elapsed_ms=0 ts_ms=1783666181308
stwo JIT: compile start component=cairo_air::components::jnz_opcode_non_taken::Eval kernel=stwo_jit_fused_ccbb8d139930365e semantic_hash=ccbb8d139930365e cache_key=3013fa5230eaf1ee instrs=216 source_bytes=16928 rc_base=0 relax_opt=false ts_ms=1783666181308
stwo JIT: compile+launch end component=cairo_air::components::jnz_opcode_non_taken::Eval kernels=1 elapsed_ms=0 ts_ms=1783666181308
stwo JIT: codegen start component=cairo_air::components::jnz_opcode_taken::Eval ts_ms=1783666181308
stwo JIT: codegen end component=cairo_air::components::jnz_opcode_taken::Eval kernels=1 total_instrs=542 elapsed_ms=0 ts_ms=1783666181308
stwo JIT: compile start component=cairo_air::components::jnz_opcode_taken::Eval kernel=stwo_jit_fused_bc762e9e3f2cfaf7 semantic_hash=bc762e9e3f2cfaf7 cache_key=7f00fb95f868ccf4 instrs=542 source_bytes=32590 rc_base=0 relax_opt=false ts_ms=1783666181308
stwo JIT: compile+launch end component=cairo_air::components::jnz_opcode_taken::Eval kernels=1 elapsed_ms=0 ts_ms=1783666181308
stwo JIT: codegen start component=cairo_air::components::jump_opcode_double_deref::Eval ts_ms=1783666181310
stwo JIT: codegen end component=cairo_air::components::jump_opcode_double_deref::Eval kernels=1 total_instrs=285 elapsed_ms=0 ts_ms=1783666181310
stwo JIT: compile start component=cairo_air::components::jump_opcode_double_deref::Eval kernel=stwo_jit_fused_f11bb80fb8ef9dac semantic_hash=f11bb80fb8ef9dac cache_key=77297d9ebda26715 instrs=285 source_bytes=20906 rc_base=0 relax_opt=false ts_ms=1783666181310
stwo JIT: compile+launch end component=cairo_air::components::jump_opcode_double_deref::Eval kernels=1 elapsed_ms=0 ts_ms=1783666181310
stwo JIT: codegen start component=cairo_air::components::jump_opcode_rel::Eval ts_ms=1783666181310
stwo JIT: codegen end component=cairo_air::components::jump_opcode_rel::Eval kernels=1 total_instrs=321 elapsed_ms=0 ts_ms=1783666181310
stwo JIT: compile start component=cairo_air::components::jump_opcode_rel::Eval kernel=stwo_jit_fused_80d573ea5cb70558 semantic_hash=80d573ea5cb70558 cache_key=1c70181a9a16680c instrs=321 source_bytes=21839 rc_base=0 relax_opt=false ts_ms=1783666181310
stwo JIT: compile+launch end component=cairo_air::components::jump_opcode_rel::Eval kernels=1 elapsed_ms=0 ts_ms=1783666181310
stwo JIT: codegen start component=cairo_air::components::jump_opcode_rel_imm::Eval ts_ms=1783666181310
stwo JIT: codegen end component=cairo_air::components::jump_opcode_rel_imm::Eval kernels=1 total_instrs=293 elapsed_ms=0 ts_ms=1783666181310
stwo JIT: compile start component=cairo_air::components::jump_opcode_rel_imm::Eval kernel=stwo_jit_fused_23630e2413ed4300 semantic_hash=23630e2413ed4300 cache_key=eeb49ef87a4c7c9f instrs=293 source_bytes=20371 rc_base=0 relax_opt=false ts_ms=1783666181310
stwo JIT: compile+launch end component=cairo_air::components::jump_opcode_rel_imm::Eval kernels=1 elapsed_ms=0 ts_ms=1783666181310
stwo JIT: codegen start component=cairo_air::components::mul_opcode::Eval ts_ms=1783666181311
stwo JIT: codegen end component=cairo_air::components::mul_opcode::Eval kernels=2 total_instrs=2713 elapsed_ms=0 ts_ms=1783666181312
stwo JIT: compile start component=cairo_air::components::mul_opcode::Eval kernel=stwo_jit_fused_330b6ac3795548e2 semantic_hash=330b6ac3795548e2 cache_key=566e541878630fa5 instrs=2011 source_bytes=92497 rc_base=0 relax_opt=false ts_ms=1783666181312
stwo JIT: compile start component=cairo_air::components::mul_opcode::Eval kernel=stwo_jit_fused_6a86368213950a80 semantic_hash=6a86368213950a80 cache_key=fbe0ec35d7227d64 instrs=702 source_bytes=43559 rc_base=42 relax_opt=false ts_ms=1783666181312
stwo JIT: compile+launch end component=cairo_air::components::mul_opcode::Eval kernels=2 elapsed_ms=0 ts_ms=1783666181312
stwo JIT: codegen start component=cairo_air::components::mul_opcode_small::Eval ts_ms=1783666181313
stwo JIT: codegen end component=cairo_air::components::mul_opcode_small::Eval kernels=1 total_instrs=474 elapsed_ms=0 ts_ms=1783666181313
stwo JIT: compile start component=cairo_air::components::mul_opcode_small::Eval kernel=stwo_jit_fused_df7268f8d131b2aa semantic_hash=df7268f8d131b2aa cache_key=0e5d5e4ce6ec6b93 instrs=474 source_bytes=30690 rc_base=0 relax_opt=false ts_ms=1783666181313
stwo JIT: compile+launch end component=cairo_air::components::mul_opcode_small::Eval kernels=1 elapsed_ms=0 ts_ms=1783666181313
stwo JIT: codegen start component=cairo_air::components::ret_opcode::Eval ts_ms=1783666181314
stwo JIT: codegen end component=cairo_air::components::ret_opcode::Eval kernels=1 total_instrs=246 elapsed_ms=0 ts_ms=1783666181314
stwo JIT: compile start component=cairo_air::components::ret_opcode::Eval kernel=stwo_jit_fused_4a840241ace6b1ce semantic_hash=4a840241ace6b1ce cache_key=cad46594598ea494 instrs=246 source_bytes=18919 rc_base=0 relax_opt=false ts_ms=1783666181314
stwo JIT: compile+launch end component=cairo_air::components::ret_opcode::Eval kernels=1 elapsed_ms=0 ts_ms=1783666181314
stwo JIT: codegen start component=cairo_air::components::verify_instruction::Eval ts_ms=1783666181314
stwo JIT: codegen end component=cairo_air::components::verify_instruction::Eval kernels=1 total_instrs=238 elapsed_ms=0 ts_ms=1783666181314
stwo JIT: compile start component=cairo_air::components::verify_instruction::Eval kernel=stwo_jit_fused_598b3f5cd7a508ff semantic_hash=598b3f5cd7a508ff cache_key=3d4047fe93d01090 instrs=238 source_bytes=18266 rc_base=0 relax_opt=false ts_ms=1783666181314
stwo JIT: compile+launch end component=cairo_air::components::verify_instruction::Eval kernels=1 elapsed_ms=0 ts_ms=1783666181314
stwo JIT: codegen start component=cairo_air::components::blake_round::Eval ts_ms=1783666181314
stwo JIT: codegen end component=cairo_air::components::blake_round::Eval kernels=2 total_instrs=3468 elapsed_ms=0 ts_ms=1783666181315
stwo JIT: compile start component=cairo_air::components::blake_round::Eval kernel=stwo_jit_fused_e327583d108f9be2 semantic_hash=e327583d108f9be2 cache_key=0cc121e2d56bda89 instrs=2047 source_bytes=100621 rc_base=0 relax_opt=false ts_ms=1783666181315
stwo JIT: compile start component=cairo_air::components::blake_round::Eval kernel=stwo_jit_fused_d8c01f1a61a70266 semantic_hash=d8c01f1a61a70266 cache_key=eac25c9e774849d9 instrs=1421 source_bytes=74752 rc_base=23 relax_opt=false ts_ms=1783666181315
stwo JIT: compile+launch end component=cairo_air::components::blake_round::Eval kernels=2 elapsed_ms=0 ts_ms=1783666181315
stwo JIT: codegen start component=cairo_air::components::blake_g::Eval ts_ms=1783666181340
stwo JIT: codegen end component=cairo_air::components::blake_g::Eval kernels=1 total_instrs=685 elapsed_ms=0 ts_ms=1783666181340
stwo JIT: compile start component=cairo_air::components::blake_g::Eval kernel=stwo_jit_fused_85bc7442abcf3b0a semantic_hash=85bc7442abcf3b0a cache_key=beb87a7bcb35fdfe instrs=685 source_bytes=39888 rc_base=0 relax_opt=false ts_ms=1783666181340
stwo JIT: compile+launch end component=cairo_air::components::blake_g::Eval kernels=1 elapsed_ms=0 ts_ms=1783666181340
stwo JIT: codegen start component=cairo_air::components::blake_round_sigma::Eval ts_ms=1783666181365
stwo JIT: codegen end component=cairo_air::components::blake_round_sigma::Eval kernels=1 total_instrs=107 elapsed_ms=0 ts_ms=1783666181365
stwo JIT: compile start component=cairo_air::components::blake_round_sigma::Eval kernel=stwo_jit_fused_dc512e9aef7f81c9 semantic_hash=dc512e9aef7f81c9 cache_key=35fe95ac7e0206d7 instrs=107 source_bytes=12477 rc_base=0 relax_opt=false ts_ms=1783666181365
stwo JIT: compile+launch end component=cairo_air::components::blake_round_sigma::Eval kernels=1 elapsed_ms=0 ts_ms=1783666181365
stwo JIT: codegen start component=cairo_air::components::triple_xor_32::Eval ts_ms=1783666181365
stwo JIT: codegen end component=cairo_air::components::triple_xor_32::Eval kernels=1 total_instrs=277 elapsed_ms=0 ts_ms=1783666181365
stwo JIT: compile start component=cairo_air::components::triple_xor_32::Eval kernel=stwo_jit_fused_604bf5992fe4faf1 semantic_hash=604bf5992fe4faf1 cache_key=4edcbfbe690d89f5 instrs=277 source_bytes=20572 rc_base=0 relax_opt=false ts_ms=1783666181365
stwo JIT: compile+launch end component=cairo_air::components::triple_xor_32::Eval kernels=1 elapsed_ms=0 ts_ms=1783666181365
stwo JIT: codegen start component=cairo_air::components::verify_bitwise_xor_12::Eval ts_ms=1783666181365
stwo JIT: codegen end component=cairo_air::components::verify_bitwise_xor_12::Eval kernels=1 total_instrs=490 elapsed_ms=0 ts_ms=1783666181365
stwo JIT: compile start component=cairo_air::components::verify_bitwise_xor_12::Eval kernel=stwo_jit_fused_73ad4f300b5c03b9 semantic_hash=73ad4f300b5c03b9 cache_key=c27640c48e579b6a instrs=490 source_bytes=29507 rc_base=0 relax_opt=false ts_ms=1783666181365
stwo JIT: compile+launch end component=cairo_air::components::verify_bitwise_xor_12::Eval kernels=1 elapsed_ms=0 ts_ms=1783666181365
stwo JIT: codegen start component=cairo_air::components::bitwise_builtin::Eval ts_ms=1783666181366
stwo JIT: codegen end component=cairo_air::components::bitwise_builtin::Eval kernels=1 total_instrs=1602 elapsed_ms=0 ts_ms=1783666181367
stwo JIT: compile start component=cairo_air::components::bitwise_builtin::Eval kernel=stwo_jit_fused_e01e51aece8601a3 semantic_hash=e01e51aece8601a3 cache_key=841ad730275bfa31 instrs=1602 source_bytes=81155 rc_base=0 relax_opt=false ts_ms=1783666181367
stwo JIT: compile+launch end component=cairo_air::components::bitwise_builtin::Eval kernels=1 elapsed_ms=0 ts_ms=1783666181367
stwo JIT: codegen start component=cairo_air::components::pedersen_builtin::Eval ts_ms=1783666181367
stwo JIT: codegen end component=cairo_air::components::pedersen_builtin::Eval kernels=1 total_instrs=96 elapsed_ms=0 ts_ms=1783666181367
stwo JIT: compile start component=cairo_air::components::pedersen_builtin::Eval kernel=stwo_jit_fused_be5c30c37e524bca semantic_hash=be5c30c37e524bca cache_key=d0b91fb3d8655fb8 instrs=96 source_bytes=11332 rc_base=0 relax_opt=false ts_ms=1783666181367
stwo JIT: compile+launch end component=cairo_air::components::pedersen_builtin::Eval kernels=1 elapsed_ms=0 ts_ms=1783666181367
stwo JIT: codegen start component=cairo_air::components::poseidon_builtin::Eval ts_ms=1783666181367
stwo JIT: codegen end component=cairo_air::components::poseidon_builtin::Eval kernels=1 total_instrs=173 elapsed_ms=0 ts_ms=1783666181367
stwo JIT: compile start component=cairo_air::components::poseidon_builtin::Eval kernel=stwo_jit_fused_8e66c31ce70ae6d9 semantic_hash=8e66c31ce70ae6d9 cache_key=27cc85376e0a84db instrs=173 source_bytes=15072 rc_base=0 relax_opt=false ts_ms=1783666181367
stwo JIT: compile+launch end component=cairo_air::components::poseidon_builtin::Eval kernels=1 elapsed_ms=0 ts_ms=1783666181367
stwo JIT: codegen start component=cairo_air::components::range_check_builtin::Eval ts_ms=1783666181367
stwo JIT: codegen end component=cairo_air::components::range_check_builtin::Eval kernels=1 total_instrs=135 elapsed_ms=0 ts_ms=1783666181367
stwo JIT: compile start component=cairo_air::components::range_check_builtin::Eval kernel=stwo_jit_fused_dce8d7630af46180 semantic_hash=dce8d7630af46180 cache_key=d38a1ebe1395b88d instrs=135 source_bytes=13561 rc_base=0 relax_opt=false ts_ms=1783666181367
stwo JIT: compile+launch end component=cairo_air::components::range_check_builtin::Eval kernels=1 elapsed_ms=0 ts_ms=1783666181367
stwo JIT: codegen start component=cairo_air::components::ec_op_builtin::Eval ts_ms=1783666181368
stwo JIT: codegen end component=cairo_air::components::ec_op_builtin::Eval kernels=2 total_instrs=2598 elapsed_ms=0 ts_ms=1783666181368
stwo JIT: compile start component=cairo_air::components::ec_op_builtin::Eval kernel=stwo_jit_fused_345e19f8123887a5 semantic_hash=345e19f8123887a5 cache_key=274f366b0e161aed instrs=954 source_bytes=56290 rc_base=0 relax_opt=false ts_ms=1783666181368
stwo JIT: compile start component=cairo_air::components::ec_op_builtin::Eval kernel=stwo_jit_fused_fb86d96361e4982a semantic_hash=fb86d96361e4982a cache_key=f8145e081a604b88 instrs=1644 source_bytes=88850 rc_base=12 relax_opt=false ts_ms=1783666181368
stwo JIT: compile+launch end component=cairo_air::components::ec_op_builtin::Eval kernels=2 elapsed_ms=0 ts_ms=1783666181368
stwo JIT: codegen start component=cairo_air::components::partial_ec_mul_generic::Eval ts_ms=1783666181369
stwo JIT: codegen end component=cairo_air::components::partial_ec_mul_generic::Eval kernels=11 total_instrs=20334 elapsed_ms=8 ts_ms=1783666181377
stwo JIT: compile start component=cairo_air::components::partial_ec_mul_generic::Eval kernel=stwo_jit_fused_a825a049ba6a952f semantic_hash=a825a049ba6a952f cache_key=938d4c6c79c6c68e instrs=1963 source_bytes=94180 rc_base=0 relax_opt=false ts_ms=1783666181377
stwo JIT: compile start component=cairo_air::components::partial_ec_mul_generic::Eval kernel=stwo_jit_fused_a5a22a904ae7719a semantic_hash=a5a22a904ae7719a cache_key=0d85e62852e65bf1 instrs=2041 source_bytes=93357 rc_base=55 relax_opt=false ts_ms=1783666181377
stwo JIT: compile start component=cairo_air::components::partial_ec_mul_generic::Eval kernel=stwo_jit_fused_fd5f6abc639c7ad3 semantic_hash=fd5f6abc639c7ad3 cache_key=00f8a89b9d11ef90 instrs=1943 source_bytes=101819 rc_base=86 relax_opt=false ts_ms=1783666181377
stwo JIT: compile start component=cairo_air::components::partial_ec_mul_generic::Eval kernel=stwo_jit_fused_49565bc27a55d074 semantic_hash=49565bc27a55d074 cache_key=ef130c4b88f1d0bf instrs=1942 source_bytes=89769 rc_base=167 relax_opt=false ts_ms=1783666181377
stwo JIT: compile start component=cairo_air::components::partial_ec_mul_generic::Eval kernel=stwo_jit_fused_3a940a524062d0a6 semantic_hash=3a940a524062d0a6 cache_key=95cbc777b66614e4 instrs=1969 source_bytes=86758 rc_base=207 relax_opt=false ts_ms=1783666181377
stwo JIT: compile start component=cairo_air::components::partial_ec_mul_generic::Eval kernel=stwo_jit_fused_9927162c86fc449f semantic_hash=9927162c86fc449f cache_key=b52eac7ce08c782d instrs=1934 source_bytes=87320 rc_base=237 relax_opt=false ts_ms=1783666181377
stwo JIT: compile start component=cairo_air::components::partial_ec_mul_generic::Eval kernel=stwo_jit_fused_a80c5d6eff945be0 semantic_hash=a80c5d6eff945be0 cache_key=55e5013d1c80a943 instrs=2048 source_bytes=100081 rc_base=265 relax_opt=false ts_ms=1783666181377
stwo JIT: compile start component=cairo_air::components::partial_ec_mul_generic::Eval kernel=stwo_jit_fused_342c812094c790bf semantic_hash=342c812094c790bf cache_key=eca6e39dfa7fda85 instrs=2012 source_bytes=115751 rc_base=303 relax_opt=false ts_ms=1783666181377
stwo JIT: compile start component=cairo_air::components::partial_ec_mul_generic::Eval kernel=stwo_jit_fused_f72f80a3f2b92cfe semantic_hash=f72f80a3f2b92cfe cache_key=ba7e655bf934f6ca instrs=2026 source_bytes=117395 rc_base=359 relax_opt=false ts_ms=1783666181377
stwo JIT: compile start component=cairo_air::components::partial_ec_mul_generic::Eval kernel=stwo_jit_fused_229943774e0da851 semantic_hash=229943774e0da851 cache_key=522e1e85e10cfb65 instrs=1170 source_bytes=69007 rc_base=414 relax_opt=false ts_ms=1783666181377
stwo JIT: compile start component=cairo_air::components::partial_ec_mul_generic::Eval kernel=stwo_jit_fused_30f739c2d3c73514 semantic_hash=30f739c2d3c73514 cache_key=9e4eeea66a271785 instrs=1286 source_bytes=73881 rc_base=447 relax_opt=false ts_ms=1783666181377
stwo JIT: compile+launch end component=cairo_air::components::partial_ec_mul_generic::Eval kernels=11 elapsed_ms=0 ts_ms=1783666181377
stwo JIT: codegen start component=cairo_air::components::pedersen_aggregator_window_bits_18::Eval ts_ms=1783666181410
stwo JIT: codegen end component=cairo_air::components::pedersen_aggregator_window_bits_18::Eval kernels=1 total_instrs=1918 elapsed_ms=0 ts_ms=1783666181411
stwo JIT: compile start component=cairo_air::components::pedersen_aggregator_window_bits_18::Eval kernel=stwo_jit_fused_38d89578fcdc1c7c semantic_hash=38d89578fcdc1c7c cache_key=43130551ff46c455 instrs=1918 source_bytes=99637 rc_base=0 relax_opt=false ts_ms=1783666181411
stwo JIT: compile+launch end component=cairo_air::components::pedersen_aggregator_window_bits_18::Eval kernels=1 elapsed_ms=0 ts_ms=1783666181411
stwo JIT: codegen start component=cairo_air::components::partial_ec_mul_window_bits_18::Eval ts_ms=1783666181411
stwo JIT: codegen end component=cairo_air::components::partial_ec_mul_window_bits_18::Eval kernels=5 total_instrs=8904 elapsed_ms=2 ts_ms=1783666181414
stwo JIT: compile start component=cairo_air::components::partial_ec_mul_window_bits_18::Eval kernel=stwo_jit_fused_86a901b804923a10 semantic_hash=86a901b804923a10 cache_key=1ab049f2a1c4ff32 instrs=2041 source_bytes=92272 rc_base=0 relax_opt=false ts_ms=1783666181414
stwo JIT: compile start component=cairo_air::components::partial_ec_mul_window_bits_18::Eval kernel=stwo_jit_fused_88abad321f9b225e semantic_hash=88abad321f9b225e cache_key=bdfea75f60bf42ca instrs=1959 source_bytes=89916 rc_base=31 relax_opt=false ts_ms=1783666181414
stwo JIT: compile start component=cairo_air::components::partial_ec_mul_window_bits_18::Eval kernel=stwo_jit_fused_fafdbb942f7afd88 semantic_hash=fafdbb942f7afd88 cache_key=c2631bd0d61a0e70 instrs=2028 source_bytes=97821 rc_base=59 relax_opt=false ts_ms=1783666181414
stwo JIT: compile start component=cairo_air::components::partial_ec_mul_window_bits_18::Eval kernel=stwo_jit_fused_73dba529a778dc70 semantic_hash=73dba529a778dc70 cache_key=59261525ff27b3f7 instrs=2015 source_bytes=115775 rc_base=89 relax_opt=false ts_ms=1783666181414
stwo JIT: compile start component=cairo_air::components::partial_ec_mul_window_bits_18::Eval kernel=stwo_jit_fused_13b40cb8bc3f2903 semantic_hash=13b40cb8bc3f2903 cache_key=37fde1600beee62c instrs=861 source_bytes=51619 rc_base=145 relax_opt=false ts_ms=1783666181414
stwo JIT: compile+launch end component=cairo_air::components::partial_ec_mul_window_bits_18::Eval kernels=5 elapsed_ms=0 ts_ms=1783666181414
stwo JIT: codegen start component=cairo_air::components::pedersen_points_table_window_bits_18::Eval ts_ms=1783666181469
stwo JIT: codegen end component=cairo_air::components::pedersen_points_table_window_bits_18::Eval kernels=1 total_instrs=307 elapsed_ms=0 ts_ms=1783666181469
stwo JIT: compile start component=cairo_air::components::pedersen_points_table_window_bits_18::Eval kernel=stwo_jit_fused_6d15c44abe421789 semantic_hash=6d15c44abe421789 cache_key=2e3eccbf87dcd53e instrs=307 source_bytes=22677 rc_base=0 relax_opt=false ts_ms=1783666181469
stwo JIT: compile+launch end component=cairo_air::components::pedersen_points_table_window_bits_18::Eval kernels=1 elapsed_ms=0 ts_ms=1783666181469
stwo JIT: codegen start component=cairo_air::components::poseidon_aggregator::Eval ts_ms=1783666181473
stwo JIT: codegen end component=cairo_air::components::poseidon_aggregator::Eval kernels=3 total_instrs=4436 elapsed_ms=1 ts_ms=1783666181475
stwo JIT: compile start component=cairo_air::components::poseidon_aggregator::Eval kernel=stwo_jit_fused_3b6a2b9af05716bc semantic_hash=3b6a2b9af05716bc cache_key=3d482973d4d2ba8f instrs=1934 source_bytes=97650 rc_base=0 relax_opt=false ts_ms=1783666181475
stwo JIT: compile start component=cairo_air::components::poseidon_aggregator::Eval kernel=stwo_jit_fused_b6cc3b9a735492be semantic_hash=b6cc3b9a735492be cache_key=ff2c767739af6bea instrs=1822 source_bytes=87503 rc_base=40 relax_opt=false ts_ms=1783666181475
stwo JIT: compile start component=cairo_air::components::poseidon_aggregator::Eval kernel=stwo_jit_fused_c9c647c15f2d8884 semantic_hash=c9c647c15f2d8884 cache_key=2b7ba77c434ef9f3 instrs=680 source_bytes=38064 rc_base=49 relax_opt=false ts_ms=1783666181475
stwo JIT: compile+launch end component=cairo_air::components::poseidon_aggregator::Eval kernels=3 elapsed_ms=0 ts_ms=1783666181475
stwo JIT: codegen start component=cairo_air::components::poseidon_3_partial_rounds_chain::Eval ts_ms=1783666181475
stwo JIT: codegen end component=cairo_air::components::poseidon_3_partial_rounds_chain::Eval kernels=2 total_instrs=2231 elapsed_ms=0 ts_ms=1783666181476
stwo JIT: compile start component=cairo_air::components::poseidon_3_partial_rounds_chain::Eval kernel=stwo_jit_fused_9bd43e62338a819d semantic_hash=9bd43e62338a819d cache_key=99235b4e75c03b7e instrs=1775 source_bytes=87153 rc_base=0 relax_opt=false ts_ms=1783666181476
stwo JIT: compile start component=cairo_air::components::poseidon_3_partial_rounds_chain::Eval kernel=stwo_jit_fused_2a2157ac10240c20 semantic_hash=2a2157ac10240c20 cache_key=41f19eb13bc4275c instrs=456 source_bytes=30246 rc_base=45 relax_opt=false ts_ms=1783666181476
stwo JIT: compile+launch end component=cairo_air::components::poseidon_3_partial_rounds_chain::Eval kernels=2 elapsed_ms=0 ts_ms=1783666181476
stwo JIT: codegen start component=cairo_air::components::poseidon_full_round_chain::Eval ts_ms=1783666181477
stwo JIT: codegen end component=cairo_air::components::poseidon_full_round_chain::Eval kernels=1 total_instrs=1325 elapsed_ms=0 ts_ms=1783666181477
stwo JIT: compile start component=cairo_air::components::poseidon_full_round_chain::Eval kernel=stwo_jit_fused_216f562d8a710df7 semantic_hash=216f562d8a710df7 cache_key=5778c9f6db5cf1d6 instrs=1325 source_bytes=67425 rc_base=0 relax_opt=false ts_ms=1783666181477
stwo JIT: compile+launch end component=cairo_air::components::poseidon_full_round_chain::Eval kernels=1 elapsed_ms=0 ts_ms=1783666181477
stwo JIT: codegen start component=cairo_air::components::cube_252::Eval ts_ms=1783666181478
stwo JIT: codegen end component=cairo_air::components::cube_252::Eval kernels=3 total_instrs=5406 elapsed_ms=1 ts_ms=1783666181479
stwo JIT: compile start component=cairo_air::components::cube_252::Eval kernel=stwo_jit_fused_236ecb1645901ac0 semantic_hash=236ecb1645901ac0 cache_key=c687f168b5760e1f instrs=1943 source_bytes=84152 rc_base=0 relax_opt=false ts_ms=1783666181479
stwo JIT: compile start component=cairo_air::components::cube_252::Eval kernel=stwo_jit_fused_f98780e88d7e4690 semantic_hash=f98780e88d7e4690 cache_key=7c0e5e9ed1f1e625 instrs=2019 source_bytes=93964 rc_base=31 relax_opt=false ts_ms=1783666181479
stwo JIT: compile start component=cairo_air::components::cube_252::Eval kernel=stwo_jit_fused_898f5baace96c569 semantic_hash=898f5baace96c569 cache_key=c91808b47dc924cf instrs=1444 source_bytes=82329 rc_base=70 relax_opt=false ts_ms=1783666181479
stwo JIT: compile+launch end component=cairo_air::components::cube_252::Eval kernels=3 elapsed_ms=0 ts_ms=1783666181479
stwo JIT: codegen start component=cairo_air::components::poseidon_round_keys::Eval ts_ms=1783666181496
stwo JIT: codegen end component=cairo_air::components::poseidon_round_keys::Eval kernels=1 total_instrs=177 elapsed_ms=0 ts_ms=1783666181496
stwo JIT: compile start component=cairo_air::components::poseidon_round_keys::Eval kernel=stwo_jit_fused_6eec0240134c359d semantic_hash=6eec0240134c359d cache_key=72234bdb224e728d instrs=177 source_bytes=16047 rc_base=0 relax_opt=false ts_ms=1783666181496
stwo JIT: compile+launch end component=cairo_air::components::poseidon_round_keys::Eval kernels=1 elapsed_ms=0 ts_ms=1783666181496
stwo JIT: codegen start component=cairo_air::components::range_check_252_width_27::Eval ts_ms=1783666181496
stwo JIT: codegen end component=cairo_air::components::range_check_252_width_27::Eval kernels=1 total_instrs=327 elapsed_ms=0 ts_ms=1783666181496
stwo JIT: compile start component=cairo_air::components::range_check_252_width_27::Eval kernel=stwo_jit_fused_f546a8bace1705fa semantic_hash=f546a8bace1705fa cache_key=c2a3991180dc0c6d instrs=327 source_bytes=23693 rc_base=0 relax_opt=false ts_ms=1783666181496
stwo JIT: compile+launch end component=cairo_air::components::range_check_252_width_27::Eval kernels=1 elapsed_ms=0 ts_ms=1783666181496
stwo JIT: codegen start component=cairo_air::components::memory_address_to_id::Eval ts_ms=1783666181497
stwo JIT: codegen end component=cairo_air::components::memory_address_to_id::Eval kernels=1 total_instrs=378 elapsed_ms=0 ts_ms=1783666181497
stwo JIT: compile start component=cairo_air::components::memory_address_to_id::Eval kernel=stwo_jit_fused_3c4eba302b5cb3ed semantic_hash=3c4eba302b5cb3ed cache_key=b739dbe5ffa5866b instrs=378 source_bytes=25923 rc_base=0 relax_opt=false ts_ms=1783666181497
stwo JIT: compile+launch end component=cairo_air::components::memory_address_to_id::Eval kernels=1 elapsed_ms=0 ts_ms=1783666181497
stwo JIT: codegen start component=cairo_air::components::memory_id_to_big::BigEval ts_ms=1783666181498
stwo JIT: codegen end component=cairo_air::components::memory_id_to_big::BigEval kernels=1 total_instrs=423 elapsed_ms=0 ts_ms=1783666181498
stwo JIT: compile start component=cairo_air::components::memory_id_to_big::BigEval kernel=stwo_jit_fused_d0a2396eb5e8e845 semantic_hash=d0a2396eb5e8e845 cache_key=8e3c0eaec20fdd9f instrs=423 source_bytes=28033 rc_base=0 relax_opt=false ts_ms=1783666181498
stwo JIT: compile+launch end component=cairo_air::components::memory_id_to_big::BigEval kernels=1 elapsed_ms=0 ts_ms=1783666181498
stwo JIT: codegen start component=cairo_air::components::memory_id_to_small::Eval ts_ms=1783666181499
stwo JIT: codegen end component=cairo_air::components::memory_id_to_small::Eval kernels=1 total_instrs=139 elapsed_ms=0 ts_ms=1783666181499
stwo JIT: compile start component=cairo_air::components::memory_id_to_small::Eval kernel=stwo_jit_fused_509c4d39b553946d semantic_hash=509c4d39b553946d cache_key=c1687d6fa328bb5d instrs=139 source_bytes=13876 rc_base=0 relax_opt=false ts_ms=1783666181499
stwo JIT: compile+launch end component=cairo_air::components::memory_id_to_small::Eval kernels=1 elapsed_ms=0 ts_ms=1783666181499
stwo JIT: codegen start component=cairo_air::components::range_check_6::Eval ts_ms=1783666181500
stwo JIT: codegen end component=cairo_air::components::range_check_6::Eval kernels=1 total_instrs=27 elapsed_ms=0 ts_ms=1783666181500
stwo JIT: compile start component=cairo_air::components::range_check_6::Eval kernel=stwo_jit_fused_b455671faf7e7149 semantic_hash=b455671faf7e7149 cache_key=5754f8a873a52740 instrs=27 source_bytes=8407 rc_base=0 relax_opt=false ts_ms=1783666181500
stwo JIT: compile+launch end component=cairo_air::components::range_check_6::Eval kernels=1 elapsed_ms=0 ts_ms=1783666181500
stwo JIT: codegen start component=cairo_air::components::range_check_8::Eval ts_ms=1783666181500
stwo JIT: codegen end component=cairo_air::components::range_check_8::Eval kernels=1 total_instrs=27 elapsed_ms=0 ts_ms=1783666181500
stwo JIT: compile start component=cairo_air::components::range_check_8::Eval kernel=stwo_jit_fused_b455671faf7e7149 semantic_hash=b455671faf7e7149 cache_key=5754f8a873a52740 instrs=27 source_bytes=8407 rc_base=0 relax_opt=false ts_ms=1783666181500
stwo JIT: compile+launch end component=cairo_air::components::range_check_8::Eval kernels=1 elapsed_ms=0 ts_ms=1783666181500
stwo JIT: codegen start component=cairo_air::components::range_check_11::Eval ts_ms=1783666181500
stwo JIT: codegen end component=cairo_air::components::range_check_11::Eval kernels=1 total_instrs=27 elapsed_ms=0 ts_ms=1783666181500
stwo JIT: compile start component=cairo_air::components::range_check_11::Eval kernel=stwo_jit_fused_b455671faf7e7149 semantic_hash=b455671faf7e7149 cache_key=5754f8a873a52740 instrs=27 source_bytes=8407 rc_base=0 relax_opt=false ts_ms=1783666181500
stwo JIT: compile+launch end component=cairo_air::components::range_check_11::Eval kernels=1 elapsed_ms=0 ts_ms=1783666181500
stwo JIT: codegen start component=cairo_air::components::range_check_12::Eval ts_ms=1783666181500
stwo JIT: codegen end component=cairo_air::components::range_check_12::Eval kernels=1 total_instrs=27 elapsed_ms=0 ts_ms=1783666181500
stwo JIT: compile start component=cairo_air::components::range_check_12::Eval kernel=stwo_jit_fused_b455671faf7e7149 semantic_hash=b455671faf7e7149 cache_key=5754f8a873a52740 instrs=27 source_bytes=8407 rc_base=0 relax_opt=false ts_ms=1783666181500
stwo JIT: compile+launch end component=cairo_air::components::range_check_12::Eval kernels=1 elapsed_ms=0 ts_ms=1783666181500
stwo JIT: codegen start component=cairo_air::components::range_check_18::Eval ts_ms=1783666181500
stwo JIT: codegen end component=cairo_air::components::range_check_18::Eval kernels=1 total_instrs=41 elapsed_ms=0 ts_ms=1783666181500
stwo JIT: compile start component=cairo_air::components::range_check_18::Eval kernel=stwo_jit_fused_5110e647be737a71 semantic_hash=5110e647be737a71 cache_key=60f1edbf38c46846 instrs=41 source_bytes=9008 rc_base=0 relax_opt=false ts_ms=1783666181500
stwo JIT: compile+launch end component=cairo_air::components::range_check_18::Eval kernels=1 elapsed_ms=0 ts_ms=1783666181500
stwo JIT: codegen start component=cairo_air::components::range_check_20::Eval ts_ms=1783666181500
stwo JIT: codegen end component=cairo_air::components::range_check_20::Eval kernels=1 total_instrs=137 elapsed_ms=0 ts_ms=1783666181500
stwo JIT: compile start component=cairo_air::components::range_check_20::Eval kernel=stwo_jit_fused_f3c5592c25df0a2b semantic_hash=f3c5592c25df0a2b cache_key=fde450a0c79effe4 instrs=137 source_bytes=14375 rc_base=0 relax_opt=false ts_ms=1783666181500
stwo JIT: compile+launch end component=cairo_air::components::range_check_20::Eval kernels=1 elapsed_ms=0 ts_ms=1783666181500
stwo JIT: codegen start component=cairo_air::components::range_check_4_3::Eval ts_ms=1783666181501
stwo JIT: codegen end component=cairo_air::components::range_check_4_3::Eval kernels=1 total_instrs=32 elapsed_ms=0 ts_ms=1783666181501
stwo JIT: compile start component=cairo_air::components::range_check_4_3::Eval kernel=stwo_jit_fused_bfbf5a8a40591289 semantic_hash=bfbf5a8a40591289 cache_key=785f1d2fda1ea922 instrs=32 source_bytes=8657 rc_base=0 relax_opt=false ts_ms=1783666181501
stwo JIT: compile+launch end component=cairo_air::components::range_check_4_3::Eval kernels=1 elapsed_ms=0 ts_ms=1783666181501
stwo JIT: codegen start component=cairo_air::components::range_check_4_4::Eval ts_ms=1783666181501
stwo JIT: codegen end component=cairo_air::components::range_check_4_4::Eval kernels=1 total_instrs=32 elapsed_ms=0 ts_ms=1783666181501
stwo JIT: compile start component=cairo_air::components::range_check_4_4::Eval kernel=stwo_jit_fused_bfbf5a8a40591289 semantic_hash=bfbf5a8a40591289 cache_key=785f1d2fda1ea922 instrs=32 source_bytes=8657 rc_base=0 relax_opt=false ts_ms=1783666181501
stwo JIT: compile+launch end component=cairo_air::components::range_check_4_4::Eval kernels=1 elapsed_ms=0 ts_ms=1783666181501
stwo JIT: codegen start component=cairo_air::components::range_check_9_9::Eval ts_ms=1783666181501
stwo JIT: codegen end component=cairo_air::components::range_check_9_9::Eval kernels=1 total_instrs=170 elapsed_ms=0 ts_ms=1783666181501
stwo JIT: compile start component=cairo_air::components::range_check_9_9::Eval kernel=stwo_jit_fused_90ffbc48bba4e133 semantic_hash=90ffbc48bba4e133 cache_key=49615d8c7e35be8c instrs=170 source_bytes=15758 rc_base=0 relax_opt=false ts_ms=1783666181501
stwo JIT: compile+launch end component=cairo_air::components::range_check_9_9::Eval kernels=1 elapsed_ms=0 ts_ms=1783666181501
stwo JIT: codegen start component=cairo_air::components::range_check_7_2_5::Eval ts_ms=1783666181501
stwo JIT: codegen end component=cairo_air::components::range_check_7_2_5::Eval kernels=1 total_instrs=37 elapsed_ms=0 ts_ms=1783666181501
stwo JIT: compile start component=cairo_air::components::range_check_7_2_5::Eval kernel=stwo_jit_fused_b6da13dc52c21465 semantic_hash=b6da13dc52c21465 cache_key=7e0b6c8348014c9a instrs=37 source_bytes=8907 rc_base=0 relax_opt=false ts_ms=1783666181501
stwo JIT: compile+launch end component=cairo_air::components::range_check_7_2_5::Eval kernels=1 elapsed_ms=0 ts_ms=1783666181501
stwo JIT: codegen start component=cairo_air::components::range_check_3_6_6_3::Eval ts_ms=1783666181501
stwo JIT: codegen end component=cairo_air::components::range_check_3_6_6_3::Eval kernels=1 total_instrs=42 elapsed_ms=0 ts_ms=1783666181501
stwo JIT: compile start component=cairo_air::components::range_check_3_6_6_3::Eval kernel=stwo_jit_fused_8bfe46e1447d7e33 semantic_hash=8bfe46e1447d7e33 cache_key=7427d3ae2749288a instrs=42 source_bytes=9157 rc_base=0 relax_opt=false ts_ms=1783666181501
stwo JIT: compile+launch end component=cairo_air::components::range_check_3_6_6_3::Eval kernels=1 elapsed_ms=0 ts_ms=1783666181501
stwo JIT: codegen start component=cairo_air::components::range_check_4_4_4_4::Eval ts_ms=1783666181501
stwo JIT: codegen end component=cairo_air::components::range_check_4_4_4_4::Eval kernels=1 total_instrs=42 elapsed_ms=0 ts_ms=1783666181501
stwo JIT: compile start component=cairo_air::components::range_check_4_4_4_4::Eval kernel=stwo_jit_fused_8bfe46e1447d7e33 semantic_hash=8bfe46e1447d7e33 cache_key=7427d3ae2749288a instrs=42 source_bytes=9157 rc_base=0 relax_opt=false ts_ms=1783666181501
stwo JIT: compile+launch end component=cairo_air::components::range_check_4_4_4_4::Eval kernels=1 elapsed_ms=0 ts_ms=1783666181501
stwo JIT: codegen start component=cairo_air::components::range_check_3_3_3_3_3::Eval ts_ms=1783666181501
stwo JIT: codegen end component=cairo_air::components::range_check_3_3_3_3_3::Eval kernels=1 total_instrs=47 elapsed_ms=0 ts_ms=1783666181501
stwo JIT: compile start component=cairo_air::components::range_check_3_3_3_3_3::Eval kernel=stwo_jit_fused_264153f324dfa389 semantic_hash=264153f324dfa389 cache_key=08e5448d4cd611c0 instrs=47 source_bytes=9407 rc_base=0 relax_opt=false ts_ms=1783666181501
stwo JIT: compile+launch end component=cairo_air::components::range_check_3_3_3_3_3::Eval kernels=1 elapsed_ms=0 ts_ms=1783666181501
stwo JIT: codegen start component=cairo_air::components::verify_bitwise_xor_4::Eval ts_ms=1783666181501
stwo JIT: codegen end component=cairo_air::components::verify_bitwise_xor_4::Eval kernels=1 total_instrs=37 elapsed_ms=0 ts_ms=1783666181501
stwo JIT: compile start component=cairo_air::components::verify_bitwise_xor_4::Eval kernel=stwo_jit_fused_b6da13dc52c21465 semantic_hash=b6da13dc52c21465 cache_key=7e0b6c8348014c9a instrs=37 source_bytes=8907 rc_base=0 relax_opt=false ts_ms=1783666181501
stwo JIT: compile+launch end component=cairo_air::components::verify_bitwise_xor_4::Eval kernels=1 elapsed_ms=0 ts_ms=1783666181501
stwo JIT: codegen start component=cairo_air::components::verify_bitwise_xor_7::Eval ts_ms=1783666181502
stwo JIT: codegen end component=cairo_air::components::verify_bitwise_xor_7::Eval kernels=1 total_instrs=37 elapsed_ms=0 ts_ms=1783666181502
stwo JIT: compile start component=cairo_air::components::verify_bitwise_xor_7::Eval kernel=stwo_jit_fused_b6da13dc52c21465 semantic_hash=b6da13dc52c21465 cache_key=7e0b6c8348014c9a instrs=37 source_bytes=8907 rc_base=0 relax_opt=false ts_ms=1783666181502
stwo JIT: compile+launch end component=cairo_air::components::verify_bitwise_xor_7::Eval kernels=1 elapsed_ms=0 ts_ms=1783666181502
stwo JIT: codegen start component=cairo_air::components::verify_bitwise_xor_8::Eval ts_ms=1783666181502
stwo JIT: codegen end component=cairo_air::components::verify_bitwise_xor_8::Eval kernels=1 total_instrs=59 elapsed_ms=0 ts_ms=1783666181502
stwo JIT: compile start component=cairo_air::components::verify_bitwise_xor_8::Eval kernel=stwo_jit_fused_ad13f4b2c221bfc7 semantic_hash=ad13f4b2c221bfc7 cache_key=2d7a146fd5a09609 instrs=59 source_bytes=9813 rc_base=0 relax_opt=false ts_ms=1783666181502
stwo JIT: compile+launch end component=cairo_air::components::verify_bitwise_xor_8::Eval kernels=1 elapsed_ms=0 ts_ms=1783666181502
stwo JIT: codegen start component=cairo_air::components::verify_bitwise_xor_9::Eval ts_ms=1783666181502
stwo JIT: codegen end component=cairo_air::components::verify_bitwise_xor_9::Eval kernels=1 total_instrs=37 elapsed_ms=0 ts_ms=1783666181502
stwo JIT: compile start component=cairo_air::components::verify_bitwise_xor_9::Eval kernel=stwo_jit_fused_b6da13dc52c21465 semantic_hash=b6da13dc52c21465 cache_key=7e0b6c8348014c9a instrs=37 source_bytes=8907 rc_base=0 relax_opt=false ts_ms=1783666181502
stwo JIT: compile+launch end component=cairo_air::components::verify_bitwise_xor_9::Eval kernels=1 elapsed_ms=0 ts_ms=1783666181502
vram_phase[stark_core]: used_high=37.79GB reserved_high=43.62GB
rep=3 prove_s=5.641
jit_prove[call_opcode_abs]: device witness 359 real rows (log_size 9) in 110.7 ms
jit_prove[jnz_opcode_non_taken]: device witness 115005 real rows (log_size 17) in 112.5 ms
jit_prove[jump_opcode_rel]: device witness 903 real rows (log_size 10) in 113.1 ms
jit_prove[jump_opcode_double_deref]: device witness 358 real rows (log_size 9) in 113.2 ms
jit_prove[assert_eq_opcode_imm]: device witness 478552 real rows (log_size 19) in 115.8 ms
jit_prove[call_opcode_rel_imm]: device witness 258007 real rows (log_size 18) in 117.5 ms
jit_prove[ret_opcode]: device witness 258366 real rows (log_size 18) in 119.1 ms
jit_prove[jump_opcode_rel_imm]: device witness 356937 real rows (log_size 19) in 131.9 ms
jit_prove[add_ap_opcode]: device witness 402083 real rows (log_size 19) in 107.2 ms
jit_prove[assert_eq_opcode_imm]: device mem count feed merged 1 families
jit_prove[jump_opcode_rel]: device mem count feed merged 2 families
jit_prove[ret_opcode]: device mem count feed merged 2 families
jit_prove[assert_eq_opcode]: device witness 957056 real rows (log_size 20) in 156.8 ms
jit_prove[call_opcode_abs]: device mem count feed merged 2 families
jit_prove[mul_opcode_small]: device witness 379774 real rows (log_size 19) in 134.9 ms
jit_prove[call_opcode_rel_imm]: device mem count feed merged 2 families
jit_prove[jump_opcode_double_deref]: device mem count feed merged 2 families
jit_prove[jump_opcode_rel_imm]: device mem count feed merged 2 families
jit_prove[mul_opcode]: device witness 130858 real rows (log_size 17) in 176.1 ms
jit_prove[jnz_opcode_non_taken]: device mem count feed merged 2 families
jit_prove[add_ap_opcode]: device count feed merged 5 relation families
jit_prove[jnz_opcode_taken]: device witness 569029 real rows (log_size 20) in 207.6 ms
jit_prove[add_opcode]: device witness 651967 real rows (log_size 20) in 209.8 ms
jit_prove[assert_eq_opcode]: device mem count feed merged 1 families
jit_prove[mul_opcode_small]: device count feed merged 4 relation families
jit_prove[blake_compress_opcode]: device witness 40143 real rows (log_size 16) in 233.1 ms
jit_prove[assert_eq_opcode_double_deref]: device witness 1798509 real rows (log_size 21) in 234.1 ms
jit_prove[add_opcode_small]: device witness 1579491 real rows (log_size 21) in 234.2 ms
jit_prove[jnz_opcode_taken]: device mem count feed merged 2 families
jit_prove[assert_eq_opcode_double_deref]: device mem count feed merged 2 families
jit_prove[add_opcode]: device mem count feed merged 2 families
jit_prove[blake_compress_opcode]: device count feed merged 4 relation families
jit_prove[mul_opcode]: device count feed merged 4 relation families
jit_prove[add_opcode_small]: device mem count feed merged 2 families
jit_prove[blake_compress_opcode]: stashed device edge for blake_round (host recovery mirror retained)
jit_prove[blake_round]: device witness 655360 real rows (log_size 20) in 3.1 ms
jit_prove[verify_instruction]: device witness 51638 real rows (log_size 16) in 8.0 ms
jit_prove[verify_instruction]: device count feed merged 4 relation families
jit_prove[blake_round]: device count feed merged 5 relation families
jit_prove[blake_round]: stashed device edge for blake_g (host recovery mirror skipped)
jit_prove[triple_xor_32]: device witness 524288 real rows (log_size 19) in 26.9 ms
jit_prove[pedersen_aggregator_window_bits_18]: device witness 18258 real rows (log_size 15) in 3.2 ms
jit_prove[pedersen_aggregator_window_bits_18]: device count feed merged 3 relation families
jit_prove[pedersen_aggregator_window_bits_18]: stashed device edge for partial_ec_mul_window_bits_18 (host recovery mirror skipped)
jit_prove[partial_ec_mul_window_bits_18]: device witness 917504 real rows (log_size 20) in 15.3 ms
jit_prove[partial_ec_mul_window_bits_18]: device count feed merged 3 relation families
jit_prove[cube_252]: device witness 499712 real rows (log_size 19) in 3.2 ms
jit_prove[cube_252]: device count feed merged 2 relation families
jit_prove[partial_ec_mul_generic]: device witness 258048 real rows (log_size 18) in 14.8 ms
jit_prove[range_check_252_width_27]: device witness 401408 real rows (log_size 19) in 32.8 ms
jit_prove[range_check_252_width_27]: device count feed merged 2 relation families
jit_prove[partial_ec_mul_generic]: device count feed merged 3 relation families
vram_phase[witness]: used_high=34.43GB reserved_high=43.62GB
vram_phase[preprocessed_tree]: used_high=29.71GB reserved_high=43.62GB
vram_phase[base_commit]: used_high=43.72GB reserved_high=43.75GB
jit_interaction[add_opcode]: device logup 1048576 rows x 5 cols in 1.7 ms
jit_interaction[add_opcode_small]: device logup 2097152 rows x 5 cols in 2.8 ms
jit_interaction[add_ap_opcode]: device logup 524288 rows x 4 cols in 1.1 ms
jit_interaction[assert_eq_opcode]: device logup 1048576 rows x 3 cols in 0.9 ms
jit_interaction[assert_eq_opcode_imm]: device logup 524288 rows x 3 cols in 0.8 ms
jit_interaction[assert_eq_opcode_double_deref]: device logup 2097152 rows x 4 cols in 2.0 ms
jit_interaction[blake_compress_opcode]: device logup 65536 rows x 37 cols in 2.5 ms
jit_interaction[call_opcode_abs]: device logup 512 rows x 5 cols in 0.4 ms
jit_interaction[call_opcode_rel_imm]: device logup 262144 rows x 5 cols in 0.6 ms
jit_interaction[jnz_opcode_non_taken]: device logup 131072 rows x 3 cols in 0.5 ms
jit_interaction[jnz_opcode_taken]: device logup 1048576 rows x 4 cols in 1.3 ms
jit_interaction[jump_opcode_double_deref]: device logup 512 rows x 4 cols in 0.6 ms
jit_interaction[jump_opcode_rel]: device logup 1024 rows x 3 cols in 0.3 ms
jit_interaction[jump_opcode_rel_imm]: device logup 524288 rows x 3 cols in 0.6 ms
jit_interaction[mul_opcode]: device logup 131072 rows x 19 cols in 1.3 ms
jit_interaction[mul_opcode_small]: device logup 524288 rows x 6 cols in 1.1 ms
jit_interaction[ret_opcode]: device logup 262144 rows x 4 cols in 0.7 ms
jit_interaction[verify_instruction]: device logup 65536 rows x 3 cols in 0.4 ms
jit_interaction[blake_round]: device logup 1048576 rows x 30 cols in 8.7 ms
jit_interaction[triple_xor_32]: device logup 524288 rows x 5 cols in 0.8 ms
jit_interaction[partial_ec_mul_generic]: device logup 262144 rows x 157 cols in 10.2 ms
jit_interaction[pedersen_aggregator_window_bits_18]: device logup 32768 rows x 6 cols in 0.6 ms
jit_interaction[partial_ec_mul_window_bits_18]: device logup 1048576 rows x 65 cols in 12.2 ms
jit_interaction[cube_252]: device logup 524288 rows x 50 cols in 5.2 ms
jit_interaction[range_check_252_width_27]: device logup 524288 rows x 8 cols in 1.0 ms
vram_phase[interaction_write]: used_high=39.88GB reserved_high=43.75GB
vram_phase[interaction_commit]: used_high=39.99GB reserved_high=43.75GB
stwo JIT: codegen start component=cairo_air::components::add_opcode::Eval ts_ms=1783666187141
stwo JIT: codegen end component=cairo_air::components::add_opcode::Eval kernels=1 total_instrs=906 elapsed_ms=0 ts_ms=1783666187142
stwo JIT: compile start component=cairo_air::components::add_opcode::Eval kernel=stwo_jit_fused_c4fc2550c1ac56b8 semantic_hash=c4fc2550c1ac56b8 cache_key=fed62507369c1c00 instrs=906 source_bytes=52115 rc_base=0 relax_opt=false ts_ms=1783666187142
stwo JIT: compile+launch end component=cairo_air::components::add_opcode::Eval kernels=1 elapsed_ms=0 ts_ms=1783666187142
stwo JIT: codegen start component=cairo_air::components::add_opcode_small::Eval ts_ms=1783666187145
stwo JIT: codegen end component=cairo_air::components::add_opcode_small::Eval kernels=1 total_instrs=771 elapsed_ms=0 ts_ms=1783666187145
stwo JIT: compile start component=cairo_air::components::add_opcode_small::Eval kernel=stwo_jit_fused_f2af531532ff03c4 semantic_hash=f2af531532ff03c4 cache_key=8668572a11b345db instrs=771 source_bytes=42620 rc_base=0 relax_opt=false ts_ms=1783666187145
stwo JIT: compile+launch end component=cairo_air::components::add_opcode_small::Eval kernels=1 elapsed_ms=0 ts_ms=1783666187145
stwo JIT: codegen start component=cairo_air::components::add_ap_opcode::Eval ts_ms=1783666187151
stwo JIT: codegen end component=cairo_air::components::add_ap_opcode::Eval kernels=1 total_instrs=361 elapsed_ms=0 ts_ms=1783666187151
stwo JIT: compile start component=cairo_air::components::add_ap_opcode::Eval kernel=stwo_jit_fused_38f2f1291bb6bc30 semantic_hash=38f2f1291bb6bc30 cache_key=a8a79235f2296029 instrs=361 source_bytes=24010 rc_base=0 relax_opt=false ts_ms=1783666187151
stwo JIT: compile+launch end component=cairo_air::components::add_ap_opcode::Eval kernels=1 elapsed_ms=0 ts_ms=1783666187151
stwo JIT: codegen start component=cairo_air::components::assert_eq_opcode::Eval ts_ms=1783666187152
stwo JIT: codegen end component=cairo_air::components::assert_eq_opcode::Eval kernels=1 total_instrs=189 elapsed_ms=0 ts_ms=1783666187152
stwo JIT: compile start component=cairo_air::components::assert_eq_opcode::Eval kernel=stwo_jit_fused_3f818d142612918f semantic_hash=3f818d142612918f cache_key=705ffc197ad8a3cd instrs=189 source_bytes=16251 rc_base=0 relax_opt=false ts_ms=1783666187152
stwo JIT: compile+launch end component=cairo_air::components::assert_eq_opcode::Eval kernels=1 elapsed_ms=0 ts_ms=1783666187152
stwo JIT: codegen start component=cairo_air::components::assert_eq_opcode_imm::Eval ts_ms=1783666187152
stwo JIT: codegen end component=cairo_air::components::assert_eq_opcode_imm::Eval kernels=1 total_instrs=166 elapsed_ms=0 ts_ms=1783666187152
stwo JIT: compile start component=cairo_air::components::assert_eq_opcode_imm::Eval kernel=stwo_jit_fused_d5393c25fbb2874d semantic_hash=d5393c25fbb2874d cache_key=5212ad8933e14a8a instrs=166 source_bytes=15062 rc_base=0 relax_opt=false ts_ms=1783666187152
stwo JIT: compile+launch end component=cairo_air::components::assert_eq_opcode_imm::Eval kernels=1 elapsed_ms=0 ts_ms=1783666187152
stwo JIT: codegen start component=cairo_air::components::assert_eq_opcode_double_deref::Eval ts_ms=1783666187153
stwo JIT: codegen end component=cairo_air::components::assert_eq_opcode_double_deref::Eval kernels=1 total_instrs=266 elapsed_ms=0 ts_ms=1783666187153
stwo JIT: compile start component=cairo_air::components::assert_eq_opcode_double_deref::Eval kernel=stwo_jit_fused_e76fc7d452b58068 semantic_hash=e76fc7d452b58068 cache_key=81ae81db7a3e5faa instrs=266 source_bytes=20187 rc_base=0 relax_opt=false ts_ms=1783666187153
stwo JIT: compile+launch end component=cairo_air::components::assert_eq_opcode_double_deref::Eval kernels=1 elapsed_ms=0 ts_ms=1783666187153
stwo JIT: codegen start component=cairo_air::components::blake_compress_opcode::Eval ts_ms=1783666187154
stwo JIT: codegen end component=cairo_air::components::blake_compress_opcode::Eval kernels=2 total_instrs=3572 elapsed_ms=1 ts_ms=1783666187155
stwo JIT: compile start component=cairo_air::components::blake_compress_opcode::Eval kernel=stwo_jit_fused_5ac117800a3f6cd0 semantic_hash=5ac117800a3f6cd0 cache_key=971352f32bfae829 instrs=2006 source_bytes=101277 rc_base=0 relax_opt=false ts_ms=1783666187155
stwo JIT: compile start component=cairo_air::components::blake_compress_opcode::Eval kernel=stwo_jit_fused_9fc7a29ec077c2f0 semantic_hash=9fc7a29ec077c2f0 cache_key=2986e57f8d528c25 instrs=1566 source_bytes=80940 rc_base=35 relax_opt=false ts_ms=1783666187155
stwo JIT: compile+launch end component=cairo_air::components::blake_compress_opcode::Eval kernels=2 elapsed_ms=0 ts_ms=1783666187155
stwo JIT: codegen start component=cairo_air::components::call_opcode_abs::Eval ts_ms=1783666187157
stwo JIT: codegen end component=cairo_air::components::call_opcode_abs::Eval kernels=1 total_instrs=360 elapsed_ms=0 ts_ms=1783666187157
stwo JIT: compile start component=cairo_air::components::call_opcode_abs::Eval kernel=stwo_jit_fused_aaec7bbec10eedef semantic_hash=aaec7bbec10eedef cache_key=7d894a40fc4241f2 instrs=360 source_bytes=24610 rc_base=0 relax_opt=false ts_ms=1783666187157
stwo JIT: compile+launch end component=cairo_air::components::call_opcode_abs::Eval kernels=1 elapsed_ms=0 ts_ms=1783666187157
stwo JIT: codegen start component=cairo_air::components::call_opcode_rel_imm::Eval ts_ms=1783666187157
stwo JIT: codegen end component=cairo_air::components::call_opcode_rel_imm::Eval kernels=1 total_instrs=449 elapsed_ms=0 ts_ms=1783666187157
stwo JIT: compile start component=cairo_air::components::call_opcode_rel_imm::Eval kernel=stwo_jit_fused_f3770d28731e9baf semantic_hash=f3770d28731e9baf cache_key=d2d25df5e625d8a2 instrs=449 source_bytes=28120 rc_base=0 relax_opt=false ts_ms=1783666187157
stwo JIT: compile+launch end component=cairo_air::components::call_opcode_rel_imm::Eval kernels=1 elapsed_ms=0 ts_ms=1783666187157
stwo JIT: codegen start component=cairo_air::components::jnz_opcode_non_taken::Eval ts_ms=1783666187158
stwo JIT: codegen end component=cairo_air::components::jnz_opcode_non_taken::Eval kernels=1 total_instrs=216 elapsed_ms=0 ts_ms=1783666187158
stwo JIT: compile start component=cairo_air::components::jnz_opcode_non_taken::Eval kernel=stwo_jit_fused_ccbb8d139930365e semantic_hash=ccbb8d139930365e cache_key=3013fa5230eaf1ee instrs=216 source_bytes=16928 rc_base=0 relax_opt=false ts_ms=1783666187158
stwo JIT: compile+launch end component=cairo_air::components::jnz_opcode_non_taken::Eval kernels=1 elapsed_ms=0 ts_ms=1783666187158
stwo JIT: codegen start component=cairo_air::components::jnz_opcode_taken::Eval ts_ms=1783666187158
stwo JIT: codegen end component=cairo_air::components::jnz_opcode_taken::Eval kernels=1 total_instrs=542 elapsed_ms=0 ts_ms=1783666187158
stwo JIT: compile start component=cairo_air::components::jnz_opcode_taken::Eval kernel=stwo_jit_fused_bc762e9e3f2cfaf7 semantic_hash=bc762e9e3f2cfaf7 cache_key=7f00fb95f868ccf4 instrs=542 source_bytes=32590 rc_base=0 relax_opt=false ts_ms=1783666187158
stwo JIT: compile+launch end component=cairo_air::components::jnz_opcode_taken::Eval kernels=1 elapsed_ms=0 ts_ms=1783666187158
stwo JIT: codegen start component=cairo_air::components::jump_opcode_double_deref::Eval ts_ms=1783666187160
stwo JIT: codegen end component=cairo_air::components::jump_opcode_double_deref::Eval kernels=1 total_instrs=285 elapsed_ms=0 ts_ms=1783666187160
stwo JIT: compile start component=cairo_air::components::jump_opcode_double_deref::Eval kernel=stwo_jit_fused_f11bb80fb8ef9dac semantic_hash=f11bb80fb8ef9dac cache_key=77297d9ebda26715 instrs=285 source_bytes=20906 rc_base=0 relax_opt=false ts_ms=1783666187160
stwo JIT: compile+launch end component=cairo_air::components::jump_opcode_double_deref::Eval kernels=1 elapsed_ms=0 ts_ms=1783666187160
stwo JIT: codegen start component=cairo_air::components::jump_opcode_rel::Eval ts_ms=1783666187160
stwo JIT: codegen end component=cairo_air::components::jump_opcode_rel::Eval kernels=1 total_instrs=321 elapsed_ms=0 ts_ms=1783666187160
stwo JIT: compile start component=cairo_air::components::jump_opcode_rel::Eval kernel=stwo_jit_fused_80d573ea5cb70558 semantic_hash=80d573ea5cb70558 cache_key=1c70181a9a16680c instrs=321 source_bytes=21839 rc_base=0 relax_opt=false ts_ms=1783666187160
stwo JIT: compile+launch end component=cairo_air::components::jump_opcode_rel::Eval kernels=1 elapsed_ms=0 ts_ms=1783666187160
stwo JIT: codegen start component=cairo_air::components::jump_opcode_rel_imm::Eval ts_ms=1783666187161
stwo JIT: codegen end component=cairo_air::components::jump_opcode_rel_imm::Eval kernels=1 total_instrs=293 elapsed_ms=0 ts_ms=1783666187161
stwo JIT: compile start component=cairo_air::components::jump_opcode_rel_imm::Eval kernel=stwo_jit_fused_23630e2413ed4300 semantic_hash=23630e2413ed4300 cache_key=eeb49ef87a4c7c9f instrs=293 source_bytes=20371 rc_base=0 relax_opt=false ts_ms=1783666187161
stwo JIT: compile+launch end component=cairo_air::components::jump_opcode_rel_imm::Eval kernels=1 elapsed_ms=0 ts_ms=1783666187161
stwo JIT: codegen start component=cairo_air::components::mul_opcode::Eval ts_ms=1783666187161
stwo JIT: codegen end component=cairo_air::components::mul_opcode::Eval kernels=2 total_instrs=2713 elapsed_ms=0 ts_ms=1783666187162
stwo JIT: compile start component=cairo_air::components::mul_opcode::Eval kernel=stwo_jit_fused_330b6ac3795548e2 semantic_hash=330b6ac3795548e2 cache_key=566e541878630fa5 instrs=2011 source_bytes=92497 rc_base=0 relax_opt=false ts_ms=1783666187162
stwo JIT: compile start component=cairo_air::components::mul_opcode::Eval kernel=stwo_jit_fused_6a86368213950a80 semantic_hash=6a86368213950a80 cache_key=fbe0ec35d7227d64 instrs=702 source_bytes=43559 rc_base=42 relax_opt=false ts_ms=1783666187162
stwo JIT: compile+launch end component=cairo_air::components::mul_opcode::Eval kernels=2 elapsed_ms=0 ts_ms=1783666187162
stwo JIT: codegen start component=cairo_air::components::mul_opcode_small::Eval ts_ms=1783666187163
stwo JIT: codegen end component=cairo_air::components::mul_opcode_small::Eval kernels=1 total_instrs=474 elapsed_ms=0 ts_ms=1783666187163
stwo JIT: compile start component=cairo_air::components::mul_opcode_small::Eval kernel=stwo_jit_fused_df7268f8d131b2aa semantic_hash=df7268f8d131b2aa cache_key=0e5d5e4ce6ec6b93 instrs=474 source_bytes=30690 rc_base=0 relax_opt=false ts_ms=1783666187163
stwo JIT: compile+launch end component=cairo_air::components::mul_opcode_small::Eval kernels=1 elapsed_ms=0 ts_ms=1783666187163
stwo JIT: codegen start component=cairo_air::components::ret_opcode::Eval ts_ms=1783666187164
stwo JIT: codegen end component=cairo_air::components::ret_opcode::Eval kernels=1 total_instrs=246 elapsed_ms=0 ts_ms=1783666187164
stwo JIT: compile start component=cairo_air::components::ret_opcode::Eval kernel=stwo_jit_fused_4a840241ace6b1ce semantic_hash=4a840241ace6b1ce cache_key=cad46594598ea494 instrs=246 source_bytes=18919 rc_base=0 relax_opt=false ts_ms=1783666187164
stwo JIT: compile+launch end component=cairo_air::components::ret_opcode::Eval kernels=1 elapsed_ms=0 ts_ms=1783666187164
stwo JIT: codegen start component=cairo_air::components::verify_instruction::Eval ts_ms=1783666187164
stwo JIT: codegen end component=cairo_air::components::verify_instruction::Eval kernels=1 total_instrs=238 elapsed_ms=0 ts_ms=1783666187164
stwo JIT: compile start component=cairo_air::components::verify_instruction::Eval kernel=stwo_jit_fused_598b3f5cd7a508ff semantic_hash=598b3f5cd7a508ff cache_key=3d4047fe93d01090 instrs=238 source_bytes=18266 rc_base=0 relax_opt=false ts_ms=1783666187164
stwo JIT: compile+launch end component=cairo_air::components::verify_instruction::Eval kernels=1 elapsed_ms=0 ts_ms=1783666187164
stwo JIT: codegen start component=cairo_air::components::blake_round::Eval ts_ms=1783666187164
stwo JIT: codegen end component=cairo_air::components::blake_round::Eval kernels=2 total_instrs=3468 elapsed_ms=0 ts_ms=1783666187165
stwo JIT: compile start component=cairo_air::components::blake_round::Eval kernel=stwo_jit_fused_e327583d108f9be2 semantic_hash=e327583d108f9be2 cache_key=0cc121e2d56bda89 instrs=2047 source_bytes=100621 rc_base=0 relax_opt=false ts_ms=1783666187165
stwo JIT: compile start component=cairo_air::components::blake_round::Eval kernel=stwo_jit_fused_d8c01f1a61a70266 semantic_hash=d8c01f1a61a70266 cache_key=eac25c9e774849d9 instrs=1421 source_bytes=74752 rc_base=23 relax_opt=false ts_ms=1783666187165
stwo JIT: compile+launch end component=cairo_air::components::blake_round::Eval kernels=2 elapsed_ms=0 ts_ms=1783666187165
stwo JIT: codegen start component=cairo_air::components::blake_g::Eval ts_ms=1783666187190
stwo JIT: codegen end component=cairo_air::components::blake_g::Eval kernels=1 total_instrs=685 elapsed_ms=0 ts_ms=1783666187190
stwo JIT: compile start component=cairo_air::components::blake_g::Eval kernel=stwo_jit_fused_85bc7442abcf3b0a semantic_hash=85bc7442abcf3b0a cache_key=beb87a7bcb35fdfe instrs=685 source_bytes=39888 rc_base=0 relax_opt=false ts_ms=1783666187190
stwo JIT: compile+launch end component=cairo_air::components::blake_g::Eval kernels=1 elapsed_ms=0 ts_ms=1783666187190
stwo JIT: codegen start component=cairo_air::components::blake_round_sigma::Eval ts_ms=1783666187215
stwo JIT: codegen end component=cairo_air::components::blake_round_sigma::Eval kernels=1 total_instrs=107 elapsed_ms=0 ts_ms=1783666187215
stwo JIT: compile start component=cairo_air::components::blake_round_sigma::Eval kernel=stwo_jit_fused_dc512e9aef7f81c9 semantic_hash=dc512e9aef7f81c9 cache_key=35fe95ac7e0206d7 instrs=107 source_bytes=12477 rc_base=0 relax_opt=false ts_ms=1783666187215
stwo JIT: compile+launch end component=cairo_air::components::blake_round_sigma::Eval kernels=1 elapsed_ms=0 ts_ms=1783666187215
stwo JIT: codegen start component=cairo_air::components::triple_xor_32::Eval ts_ms=1783666187215
stwo JIT: codegen end component=cairo_air::components::triple_xor_32::Eval kernels=1 total_instrs=277 elapsed_ms=0 ts_ms=1783666187215
stwo JIT: compile start component=cairo_air::components::triple_xor_32::Eval kernel=stwo_jit_fused_604bf5992fe4faf1 semantic_hash=604bf5992fe4faf1 cache_key=4edcbfbe690d89f5 instrs=277 source_bytes=20572 rc_base=0 relax_opt=false ts_ms=1783666187215
stwo JIT: compile+launch end component=cairo_air::components::triple_xor_32::Eval kernels=1 elapsed_ms=0 ts_ms=1783666187215
stwo JIT: codegen start component=cairo_air::components::verify_bitwise_xor_12::Eval ts_ms=1783666187215
stwo JIT: codegen end component=cairo_air::components::verify_bitwise_xor_12::Eval kernels=1 total_instrs=490 elapsed_ms=0 ts_ms=1783666187216
stwo JIT: compile start component=cairo_air::components::verify_bitwise_xor_12::Eval kernel=stwo_jit_fused_73ad4f300b5c03b9 semantic_hash=73ad4f300b5c03b9 cache_key=c27640c48e579b6a instrs=490 source_bytes=29507 rc_base=0 relax_opt=false ts_ms=1783666187216
stwo JIT: compile+launch end component=cairo_air::components::verify_bitwise_xor_12::Eval kernels=1 elapsed_ms=0 ts_ms=1783666187216
stwo JIT: codegen start component=cairo_air::components::bitwise_builtin::Eval ts_ms=1783666187217
stwo JIT: codegen end component=cairo_air::components::bitwise_builtin::Eval kernels=1 total_instrs=1602 elapsed_ms=0 ts_ms=1783666187217
stwo JIT: compile start component=cairo_air::components::bitwise_builtin::Eval kernel=stwo_jit_fused_e01e51aece8601a3 semantic_hash=e01e51aece8601a3 cache_key=841ad730275bfa31 instrs=1602 source_bytes=81155 rc_base=0 relax_opt=false ts_ms=1783666187217
stwo JIT: compile+launch end component=cairo_air::components::bitwise_builtin::Eval kernels=1 elapsed_ms=0 ts_ms=1783666187217
stwo JIT: codegen start component=cairo_air::components::pedersen_builtin::Eval ts_ms=1783666187217
stwo JIT: codegen end component=cairo_air::components::pedersen_builtin::Eval kernels=1 total_instrs=96 elapsed_ms=0 ts_ms=1783666187217
stwo JIT: compile start component=cairo_air::components::pedersen_builtin::Eval kernel=stwo_jit_fused_be5c30c37e524bca semantic_hash=be5c30c37e524bca cache_key=d0b91fb3d8655fb8 instrs=96 source_bytes=11332 rc_base=0 relax_opt=false ts_ms=1783666187217
stwo JIT: compile+launch end component=cairo_air::components::pedersen_builtin::Eval kernels=1 elapsed_ms=0 ts_ms=1783666187217
stwo JIT: codegen start component=cairo_air::components::poseidon_builtin::Eval ts_ms=1783666187217
stwo JIT: codegen end component=cairo_air::components::poseidon_builtin::Eval kernels=1 total_instrs=173 elapsed_ms=0 ts_ms=1783666187217
stwo JIT: compile start component=cairo_air::components::poseidon_builtin::Eval kernel=stwo_jit_fused_8e66c31ce70ae6d9 semantic_hash=8e66c31ce70ae6d9 cache_key=27cc85376e0a84db instrs=173 source_bytes=15072 rc_base=0 relax_opt=false ts_ms=1783666187217
stwo JIT: compile+launch end component=cairo_air::components::poseidon_builtin::Eval kernels=1 elapsed_ms=0 ts_ms=1783666187217
stwo JIT: codegen start component=cairo_air::components::range_check_builtin::Eval ts_ms=1783666187218
stwo JIT: codegen end component=cairo_air::components::range_check_builtin::Eval kernels=1 total_instrs=135 elapsed_ms=0 ts_ms=1783666187218
stwo JIT: compile start component=cairo_air::components::range_check_builtin::Eval kernel=stwo_jit_fused_dce8d7630af46180 semantic_hash=dce8d7630af46180 cache_key=d38a1ebe1395b88d instrs=135 source_bytes=13561 rc_base=0 relax_opt=false ts_ms=1783666187218
stwo JIT: compile+launch end component=cairo_air::components::range_check_builtin::Eval kernels=1 elapsed_ms=0 ts_ms=1783666187218
stwo JIT: codegen start component=cairo_air::components::ec_op_builtin::Eval ts_ms=1783666187218
stwo JIT: codegen end component=cairo_air::components::ec_op_builtin::Eval kernels=2 total_instrs=2598 elapsed_ms=0 ts_ms=1783666187218
stwo JIT: compile start component=cairo_air::components::ec_op_builtin::Eval kernel=stwo_jit_fused_345e19f8123887a5 semantic_hash=345e19f8123887a5 cache_key=274f366b0e161aed instrs=954 source_bytes=56290 rc_base=0 relax_opt=false ts_ms=1783666187219
stwo JIT: compile start component=cairo_air::components::ec_op_builtin::Eval kernel=stwo_jit_fused_fb86d96361e4982a semantic_hash=fb86d96361e4982a cache_key=f8145e081a604b88 instrs=1644 source_bytes=88850 rc_base=12 relax_opt=false ts_ms=1783666187219
stwo JIT: compile+launch end component=cairo_air::components::ec_op_builtin::Eval kernels=2 elapsed_ms=0 ts_ms=1783666187219
stwo JIT: codegen start component=cairo_air::components::partial_ec_mul_generic::Eval ts_ms=1783666187219
stwo JIT: codegen end component=cairo_air::components::partial_ec_mul_generic::Eval kernels=11 total_instrs=20334 elapsed_ms=7 ts_ms=1783666187227
stwo JIT: compile start component=cairo_air::components::partial_ec_mul_generic::Eval kernel=stwo_jit_fused_a825a049ba6a952f semantic_hash=a825a049ba6a952f cache_key=938d4c6c79c6c68e instrs=1963 source_bytes=94180 rc_base=0 relax_opt=false ts_ms=1783666187227
stwo JIT: compile start component=cairo_air::components::partial_ec_mul_generic::Eval kernel=stwo_jit_fused_a5a22a904ae7719a semantic_hash=a5a22a904ae7719a cache_key=0d85e62852e65bf1 instrs=2041 source_bytes=93357 rc_base=55 relax_opt=false ts_ms=1783666187227
stwo JIT: compile start component=cairo_air::components::partial_ec_mul_generic::Eval kernel=stwo_jit_fused_fd5f6abc639c7ad3 semantic_hash=fd5f6abc639c7ad3 cache_key=00f8a89b9d11ef90 instrs=1943 source_bytes=101819 rc_base=86 relax_opt=false ts_ms=1783666187227
stwo JIT: compile start component=cairo_air::components::partial_ec_mul_generic::Eval kernel=stwo_jit_fused_49565bc27a55d074 semantic_hash=49565bc27a55d074 cache_key=ef130c4b88f1d0bf instrs=1942 source_bytes=89769 rc_base=167 relax_opt=false ts_ms=1783666187227
stwo JIT: compile start component=cairo_air::components::partial_ec_mul_generic::Eval kernel=stwo_jit_fused_3a940a524062d0a6 semantic_hash=3a940a524062d0a6 cache_key=95cbc777b66614e4 instrs=1969 source_bytes=86758 rc_base=207 relax_opt=false ts_ms=1783666187227
stwo JIT: compile start component=cairo_air::components::partial_ec_mul_generic::Eval kernel=stwo_jit_fused_9927162c86fc449f semantic_hash=9927162c86fc449f cache_key=b52eac7ce08c782d instrs=1934 source_bytes=87320 rc_base=237 relax_opt=false ts_ms=1783666187227
stwo JIT: compile start component=cairo_air::components::partial_ec_mul_generic::Eval kernel=stwo_jit_fused_a80c5d6eff945be0 semantic_hash=a80c5d6eff945be0 cache_key=55e5013d1c80a943 instrs=2048 source_bytes=100081 rc_base=265 relax_opt=false ts_ms=1783666187227
stwo JIT: compile start component=cairo_air::components::partial_ec_mul_generic::Eval kernel=stwo_jit_fused_342c812094c790bf semantic_hash=342c812094c790bf cache_key=eca6e39dfa7fda85 instrs=2012 source_bytes=115751 rc_base=303 relax_opt=false ts_ms=1783666187227
stwo JIT: compile start component=cairo_air::components::partial_ec_mul_generic::Eval kernel=stwo_jit_fused_f72f80a3f2b92cfe semantic_hash=f72f80a3f2b92cfe cache_key=ba7e655bf934f6ca instrs=2026 source_bytes=117395 rc_base=359 relax_opt=false ts_ms=1783666187227
stwo JIT: compile start component=cairo_air::components::partial_ec_mul_generic::Eval kernel=stwo_jit_fused_229943774e0da851 semantic_hash=229943774e0da851 cache_key=522e1e85e10cfb65 instrs=1170 source_bytes=69007 rc_base=414 relax_opt=false ts_ms=1783666187227
stwo JIT: compile start component=cairo_air::components::partial_ec_mul_generic::Eval kernel=stwo_jit_fused_30f739c2d3c73514 semantic_hash=30f739c2d3c73514 cache_key=9e4eeea66a271785 instrs=1286 source_bytes=73881 rc_base=447 relax_opt=false ts_ms=1783666187227
stwo JIT: compile+launch end component=cairo_air::components::partial_ec_mul_generic::Eval kernels=11 elapsed_ms=0 ts_ms=1783666187227
stwo JIT: codegen start component=cairo_air::components::pedersen_aggregator_window_bits_18::Eval ts_ms=1783666187260
stwo JIT: codegen end component=cairo_air::components::pedersen_aggregator_window_bits_18::Eval kernels=1 total_instrs=1918 elapsed_ms=0 ts_ms=1783666187261
stwo JIT: compile start component=cairo_air::components::pedersen_aggregator_window_bits_18::Eval kernel=stwo_jit_fused_38d89578fcdc1c7c semantic_hash=38d89578fcdc1c7c cache_key=43130551ff46c455 instrs=1918 source_bytes=99637 rc_base=0 relax_opt=false ts_ms=1783666187261
stwo JIT: compile+launch end component=cairo_air::components::pedersen_aggregator_window_bits_18::Eval kernels=1 elapsed_ms=0 ts_ms=1783666187261
stwo JIT: codegen start component=cairo_air::components::partial_ec_mul_window_bits_18::Eval ts_ms=1783666187261
stwo JIT: codegen end component=cairo_air::components::partial_ec_mul_window_bits_18::Eval kernels=5 total_instrs=8904 elapsed_ms=2 ts_ms=1783666187264
stwo JIT: compile start component=cairo_air::components::partial_ec_mul_window_bits_18::Eval kernel=stwo_jit_fused_86a901b804923a10 semantic_hash=86a901b804923a10 cache_key=1ab049f2a1c4ff32 instrs=2041 source_bytes=92272 rc_base=0 relax_opt=false ts_ms=1783666187264
stwo JIT: compile start component=cairo_air::components::partial_ec_mul_window_bits_18::Eval kernel=stwo_jit_fused_88abad321f9b225e semantic_hash=88abad321f9b225e cache_key=bdfea75f60bf42ca instrs=1959 source_bytes=89916 rc_base=31 relax_opt=false ts_ms=1783666187264
stwo JIT: compile start component=cairo_air::components::partial_ec_mul_window_bits_18::Eval kernel=stwo_jit_fused_fafdbb942f7afd88 semantic_hash=fafdbb942f7afd88 cache_key=c2631bd0d61a0e70 instrs=2028 source_bytes=97821 rc_base=59 relax_opt=false ts_ms=1783666187264
stwo JIT: compile start component=cairo_air::components::partial_ec_mul_window_bits_18::Eval kernel=stwo_jit_fused_73dba529a778dc70 semantic_hash=73dba529a778dc70 cache_key=59261525ff27b3f7 instrs=2015 source_bytes=115775 rc_base=89 relax_opt=false ts_ms=1783666187264
stwo JIT: compile start component=cairo_air::components::partial_ec_mul_window_bits_18::Eval kernel=stwo_jit_fused_13b40cb8bc3f2903 semantic_hash=13b40cb8bc3f2903 cache_key=37fde1600beee62c instrs=861 source_bytes=51619 rc_base=145 relax_opt=false ts_ms=1783666187264
stwo JIT: compile+launch end component=cairo_air::components::partial_ec_mul_window_bits_18::Eval kernels=5 elapsed_ms=0 ts_ms=1783666187264
stwo JIT: codegen start component=cairo_air::components::pedersen_points_table_window_bits_18::Eval ts_ms=1783666187319
stwo JIT: codegen end component=cairo_air::components::pedersen_points_table_window_bits_18::Eval kernels=1 total_instrs=307 elapsed_ms=0 ts_ms=1783666187319
stwo JIT: compile start component=cairo_air::components::pedersen_points_table_window_bits_18::Eval kernel=stwo_jit_fused_6d15c44abe421789 semantic_hash=6d15c44abe421789 cache_key=2e3eccbf87dcd53e instrs=307 source_bytes=22677 rc_base=0 relax_opt=false ts_ms=1783666187319
stwo JIT: compile+launch end component=cairo_air::components::pedersen_points_table_window_bits_18::Eval kernels=1 elapsed_ms=0 ts_ms=1783666187319
stwo JIT: codegen start component=cairo_air::components::poseidon_aggregator::Eval ts_ms=1783666187323
stwo JIT: codegen end component=cairo_air::components::poseidon_aggregator::Eval kernels=3 total_instrs=4436 elapsed_ms=1 ts_ms=1783666187325
stwo JIT: compile start component=cairo_air::components::poseidon_aggregator::Eval kernel=stwo_jit_fused_3b6a2b9af05716bc semantic_hash=3b6a2b9af05716bc cache_key=3d482973d4d2ba8f instrs=1934 source_bytes=97650 rc_base=0 relax_opt=false ts_ms=1783666187325
stwo JIT: compile start component=cairo_air::components::poseidon_aggregator::Eval kernel=stwo_jit_fused_b6cc3b9a735492be semantic_hash=b6cc3b9a735492be cache_key=ff2c767739af6bea instrs=1822 source_bytes=87503 rc_base=40 relax_opt=false ts_ms=1783666187325
stwo JIT: compile start component=cairo_air::components::poseidon_aggregator::Eval kernel=stwo_jit_fused_c9c647c15f2d8884 semantic_hash=c9c647c15f2d8884 cache_key=2b7ba77c434ef9f3 instrs=680 source_bytes=38064 rc_base=49 relax_opt=false ts_ms=1783666187325
stwo JIT: compile+launch end component=cairo_air::components::poseidon_aggregator::Eval kernels=3 elapsed_ms=0 ts_ms=1783666187325
stwo JIT: codegen start component=cairo_air::components::poseidon_3_partial_rounds_chain::Eval ts_ms=1783666187325
stwo JIT: codegen end component=cairo_air::components::poseidon_3_partial_rounds_chain::Eval kernels=2 total_instrs=2231 elapsed_ms=0 ts_ms=1783666187326
stwo JIT: compile start component=cairo_air::components::poseidon_3_partial_rounds_chain::Eval kernel=stwo_jit_fused_9bd43e62338a819d semantic_hash=9bd43e62338a819d cache_key=99235b4e75c03b7e instrs=1775 source_bytes=87153 rc_base=0 relax_opt=false ts_ms=1783666187326
stwo JIT: compile start component=cairo_air::components::poseidon_3_partial_rounds_chain::Eval kernel=stwo_jit_fused_2a2157ac10240c20 semantic_hash=2a2157ac10240c20 cache_key=41f19eb13bc4275c instrs=456 source_bytes=30246 rc_base=45 relax_opt=false ts_ms=1783666187326
stwo JIT: compile+launch end component=cairo_air::components::poseidon_3_partial_rounds_chain::Eval kernels=2 elapsed_ms=0 ts_ms=1783666187326
stwo JIT: codegen start component=cairo_air::components::poseidon_full_round_chain::Eval ts_ms=1783666187327
stwo JIT: codegen end component=cairo_air::components::poseidon_full_round_chain::Eval kernels=1 total_instrs=1325 elapsed_ms=0 ts_ms=1783666187327
stwo JIT: compile start component=cairo_air::components::poseidon_full_round_chain::Eval kernel=stwo_jit_fused_216f562d8a710df7 semantic_hash=216f562d8a710df7 cache_key=5778c9f6db5cf1d6 instrs=1325 source_bytes=67425 rc_base=0 relax_opt=false ts_ms=1783666187328
stwo JIT: compile+launch end component=cairo_air::components::poseidon_full_round_chain::Eval kernels=1 elapsed_ms=0 ts_ms=1783666187328
stwo JIT: codegen start component=cairo_air::components::cube_252::Eval ts_ms=1783666187328
stwo JIT: codegen end component=cairo_air::components::cube_252::Eval kernels=3 total_instrs=5406 elapsed_ms=1 ts_ms=1783666187329
stwo JIT: compile start component=cairo_air::components::cube_252::Eval kernel=stwo_jit_fused_236ecb1645901ac0 semantic_hash=236ecb1645901ac0 cache_key=c687f168b5760e1f instrs=1943 source_bytes=84152 rc_base=0 relax_opt=false ts_ms=1783666187329
stwo JIT: compile start component=cairo_air::components::cube_252::Eval kernel=stwo_jit_fused_f98780e88d7e4690 semantic_hash=f98780e88d7e4690 cache_key=7c0e5e9ed1f1e625 instrs=2019 source_bytes=93964 rc_base=31 relax_opt=false ts_ms=1783666187329
stwo JIT: compile start component=cairo_air::components::cube_252::Eval kernel=stwo_jit_fused_898f5baace96c569 semantic_hash=898f5baace96c569 cache_key=c91808b47dc924cf instrs=1444 source_bytes=82329 rc_base=70 relax_opt=false ts_ms=1783666187329
stwo JIT: compile+launch end component=cairo_air::components::cube_252::Eval kernels=3 elapsed_ms=0 ts_ms=1783666187329
stwo JIT: codegen start component=cairo_air::components::poseidon_round_keys::Eval ts_ms=1783666187346
stwo JIT: codegen end component=cairo_air::components::poseidon_round_keys::Eval kernels=1 total_instrs=177 elapsed_ms=0 ts_ms=1783666187346
stwo JIT: compile start component=cairo_air::components::poseidon_round_keys::Eval kernel=stwo_jit_fused_6eec0240134c359d semantic_hash=6eec0240134c359d cache_key=72234bdb224e728d instrs=177 source_bytes=16047 rc_base=0 relax_opt=false ts_ms=1783666187346
stwo JIT: compile+launch end component=cairo_air::components::poseidon_round_keys::Eval kernels=1 elapsed_ms=0 ts_ms=1783666187346
stwo JIT: codegen start component=cairo_air::components::range_check_252_width_27::Eval ts_ms=1783666187346
stwo JIT: codegen end component=cairo_air::components::range_check_252_width_27::Eval kernels=1 total_instrs=327 elapsed_ms=0 ts_ms=1783666187346
stwo JIT: compile start component=cairo_air::components::range_check_252_width_27::Eval kernel=stwo_jit_fused_f546a8bace1705fa semantic_hash=f546a8bace1705fa cache_key=c2a3991180dc0c6d instrs=327 source_bytes=23693 rc_base=0 relax_opt=false ts_ms=1783666187346
stwo JIT: compile+launch end component=cairo_air::components::range_check_252_width_27::Eval kernels=1 elapsed_ms=0 ts_ms=1783666187346
stwo JIT: codegen start component=cairo_air::components::memory_address_to_id::Eval ts_ms=1783666187347
stwo JIT: codegen end component=cairo_air::components::memory_address_to_id::Eval kernels=1 total_instrs=378 elapsed_ms=0 ts_ms=1783666187347
stwo JIT: compile start component=cairo_air::components::memory_address_to_id::Eval kernel=stwo_jit_fused_3c4eba302b5cb3ed semantic_hash=3c4eba302b5cb3ed cache_key=b739dbe5ffa5866b instrs=378 source_bytes=25923 rc_base=0 relax_opt=false ts_ms=1783666187347
stwo JIT: compile+launch end component=cairo_air::components::memory_address_to_id::Eval kernels=1 elapsed_ms=0 ts_ms=1783666187347
stwo JIT: codegen start component=cairo_air::components::memory_id_to_big::BigEval ts_ms=1783666187348
stwo JIT: codegen end component=cairo_air::components::memory_id_to_big::BigEval kernels=1 total_instrs=423 elapsed_ms=0 ts_ms=1783666187348
stwo JIT: compile start component=cairo_air::components::memory_id_to_big::BigEval kernel=stwo_jit_fused_d0a2396eb5e8e845 semantic_hash=d0a2396eb5e8e845 cache_key=8e3c0eaec20fdd9f instrs=423 source_bytes=28033 rc_base=0 relax_opt=false ts_ms=1783666187348
stwo JIT: compile+launch end component=cairo_air::components::memory_id_to_big::BigEval kernels=1 elapsed_ms=0 ts_ms=1783666187348
stwo JIT: codegen start component=cairo_air::components::memory_id_to_small::Eval ts_ms=1783666187349
stwo JIT: codegen end component=cairo_air::components::memory_id_to_small::Eval kernels=1 total_instrs=139 elapsed_ms=0 ts_ms=1783666187349
stwo JIT: compile start component=cairo_air::components::memory_id_to_small::Eval kernel=stwo_jit_fused_509c4d39b553946d semantic_hash=509c4d39b553946d cache_key=c1687d6fa328bb5d instrs=139 source_bytes=13876 rc_base=0 relax_opt=false ts_ms=1783666187349
stwo JIT: compile+launch end component=cairo_air::components::memory_id_to_small::Eval kernels=1 elapsed_ms=0 ts_ms=1783666187349
stwo JIT: codegen start component=cairo_air::components::range_check_6::Eval ts_ms=1783666187350
stwo JIT: codegen end component=cairo_air::components::range_check_6::Eval kernels=1 total_instrs=27 elapsed_ms=0 ts_ms=1783666187350
stwo JIT: compile start component=cairo_air::components::range_check_6::Eval kernel=stwo_jit_fused_b455671faf7e7149 semantic_hash=b455671faf7e7149 cache_key=5754f8a873a52740 instrs=27 source_bytes=8407 rc_base=0 relax_opt=false ts_ms=1783666187350
stwo JIT: compile+launch end component=cairo_air::components::range_check_6::Eval kernels=1 elapsed_ms=0 ts_ms=1783666187350
stwo JIT: codegen start component=cairo_air::components::range_check_8::Eval ts_ms=1783666187350
stwo JIT: codegen end component=cairo_air::components::range_check_8::Eval kernels=1 total_instrs=27 elapsed_ms=0 ts_ms=1783666187350
stwo JIT: compile start component=cairo_air::components::range_check_8::Eval kernel=stwo_jit_fused_b455671faf7e7149 semantic_hash=b455671faf7e7149 cache_key=5754f8a873a52740 instrs=27 source_bytes=8407 rc_base=0 relax_opt=false ts_ms=1783666187350
stwo JIT: compile+launch end component=cairo_air::components::range_check_8::Eval kernels=1 elapsed_ms=0 ts_ms=1783666187350
stwo JIT: codegen start component=cairo_air::components::range_check_11::Eval ts_ms=1783666187350
stwo JIT: codegen end component=cairo_air::components::range_check_11::Eval kernels=1 total_instrs=27 elapsed_ms=0 ts_ms=1783666187350
stwo JIT: compile start component=cairo_air::components::range_check_11::Eval kernel=stwo_jit_fused_b455671faf7e7149 semantic_hash=b455671faf7e7149 cache_key=5754f8a873a52740 instrs=27 source_bytes=8407 rc_base=0 relax_opt=false ts_ms=1783666187350
stwo JIT: compile+launch end component=cairo_air::components::range_check_11::Eval kernels=1 elapsed_ms=0 ts_ms=1783666187350
stwo JIT: codegen start component=cairo_air::components::range_check_12::Eval ts_ms=1783666187350
stwo JIT: codegen end component=cairo_air::components::range_check_12::Eval kernels=1 total_instrs=27 elapsed_ms=0 ts_ms=1783666187350
stwo JIT: compile start component=cairo_air::components::range_check_12::Eval kernel=stwo_jit_fused_b455671faf7e7149 semantic_hash=b455671faf7e7149 cache_key=5754f8a873a52740 instrs=27 source_bytes=8407 rc_base=0 relax_opt=false ts_ms=1783666187350
stwo JIT: compile+launch end component=cairo_air::components::range_check_12::Eval kernels=1 elapsed_ms=0 ts_ms=1783666187350
stwo JIT: codegen start component=cairo_air::components::range_check_18::Eval ts_ms=1783666187350
stwo JIT: codegen end component=cairo_air::components::range_check_18::Eval kernels=1 total_instrs=41 elapsed_ms=0 ts_ms=1783666187350
stwo JIT: compile start component=cairo_air::components::range_check_18::Eval kernel=stwo_jit_fused_5110e647be737a71 semantic_hash=5110e647be737a71 cache_key=60f1edbf38c46846 instrs=41 source_bytes=9008 rc_base=0 relax_opt=false ts_ms=1783666187350
stwo JIT: compile+launch end component=cairo_air::components::range_check_18::Eval kernels=1 elapsed_ms=0 ts_ms=1783666187350
stwo JIT: codegen start component=cairo_air::components::range_check_20::Eval ts_ms=1783666187350
stwo JIT: codegen end component=cairo_air::components::range_check_20::Eval kernels=1 total_instrs=137 elapsed_ms=0 ts_ms=1783666187350
stwo JIT: compile start component=cairo_air::components::range_check_20::Eval kernel=stwo_jit_fused_f3c5592c25df0a2b semantic_hash=f3c5592c25df0a2b cache_key=fde450a0c79effe4 instrs=137 source_bytes=14375 rc_base=0 relax_opt=false ts_ms=1783666187350
stwo JIT: compile+launch end component=cairo_air::components::range_check_20::Eval kernels=1 elapsed_ms=0 ts_ms=1783666187350
stwo JIT: codegen start component=cairo_air::components::range_check_4_3::Eval ts_ms=1783666187351
stwo JIT: codegen end component=cairo_air::components::range_check_4_3::Eval kernels=1 total_instrs=32 elapsed_ms=0 ts_ms=1783666187351
stwo JIT: compile start component=cairo_air::components::range_check_4_3::Eval kernel=stwo_jit_fused_bfbf5a8a40591289 semantic_hash=bfbf5a8a40591289 cache_key=785f1d2fda1ea922 instrs=32 source_bytes=8657 rc_base=0 relax_opt=false ts_ms=1783666187351
stwo JIT: compile+launch end component=cairo_air::components::range_check_4_3::Eval kernels=1 elapsed_ms=0 ts_ms=1783666187351
stwo JIT: codegen start component=cairo_air::components::range_check_4_4::Eval ts_ms=1783666187351
stwo JIT: codegen end component=cairo_air::components::range_check_4_4::Eval kernels=1 total_instrs=32 elapsed_ms=0 ts_ms=1783666187351
stwo JIT: compile start component=cairo_air::components::range_check_4_4::Eval kernel=stwo_jit_fused_bfbf5a8a40591289 semantic_hash=bfbf5a8a40591289 cache_key=785f1d2fda1ea922 instrs=32 source_bytes=8657 rc_base=0 relax_opt=false ts_ms=1783666187351
stwo JIT: compile+launch end component=cairo_air::components::range_check_4_4::Eval kernels=1 elapsed_ms=0 ts_ms=1783666187351
stwo JIT: codegen start component=cairo_air::components::range_check_9_9::Eval ts_ms=1783666187351
stwo JIT: codegen end component=cairo_air::components::range_check_9_9::Eval kernels=1 total_instrs=170 elapsed_ms=0 ts_ms=1783666187351
stwo JIT: compile start component=cairo_air::components::range_check_9_9::Eval kernel=stwo_jit_fused_90ffbc48bba4e133 semantic_hash=90ffbc48bba4e133 cache_key=49615d8c7e35be8c instrs=170 source_bytes=15758 rc_base=0 relax_opt=false ts_ms=1783666187351
stwo JIT: compile+launch end component=cairo_air::components::range_check_9_9::Eval kernels=1 elapsed_ms=0 ts_ms=1783666187351
stwo JIT: codegen start component=cairo_air::components::range_check_7_2_5::Eval ts_ms=1783666187351
stwo JIT: codegen end component=cairo_air::components::range_check_7_2_5::Eval kernels=1 total_instrs=37 elapsed_ms=0 ts_ms=1783666187351
stwo JIT: compile start component=cairo_air::components::range_check_7_2_5::Eval kernel=stwo_jit_fused_b6da13dc52c21465 semantic_hash=b6da13dc52c21465 cache_key=7e0b6c8348014c9a instrs=37 source_bytes=8907 rc_base=0 relax_opt=false ts_ms=1783666187351
stwo JIT: compile+launch end component=cairo_air::components::range_check_7_2_5::Eval kernels=1 elapsed_ms=0 ts_ms=1783666187351
stwo JIT: codegen start component=cairo_air::components::range_check_3_6_6_3::Eval ts_ms=1783666187351
stwo JIT: codegen end component=cairo_air::components::range_check_3_6_6_3::Eval kernels=1 total_instrs=42 elapsed_ms=0 ts_ms=1783666187351
stwo JIT: compile start component=cairo_air::components::range_check_3_6_6_3::Eval kernel=stwo_jit_fused_8bfe46e1447d7e33 semantic_hash=8bfe46e1447d7e33 cache_key=7427d3ae2749288a instrs=42 source_bytes=9157 rc_base=0 relax_opt=false ts_ms=1783666187351
stwo JIT: compile+launch end component=cairo_air::components::range_check_3_6_6_3::Eval kernels=1 elapsed_ms=0 ts_ms=1783666187351
stwo JIT: codegen start component=cairo_air::components::range_check_4_4_4_4::Eval ts_ms=1783666187351
stwo JIT: codegen end component=cairo_air::components::range_check_4_4_4_4::Eval kernels=1 total_instrs=42 elapsed_ms=0 ts_ms=1783666187351
stwo JIT: compile start component=cairo_air::components::range_check_4_4_4_4::Eval kernel=stwo_jit_fused_8bfe46e1447d7e33 semantic_hash=8bfe46e1447d7e33 cache_key=7427d3ae2749288a instrs=42 source_bytes=9157 rc_base=0 relax_opt=false ts_ms=1783666187351
stwo JIT: compile+launch end component=cairo_air::components::range_check_4_4_4_4::Eval kernels=1 elapsed_ms=0 ts_ms=1783666187351
stwo JIT: codegen start component=cairo_air::components::range_check_3_3_3_3_3::Eval ts_ms=1783666187351
stwo JIT: codegen end component=cairo_air::components::range_check_3_3_3_3_3::Eval kernels=1 total_instrs=47 elapsed_ms=0 ts_ms=1783666187351
stwo JIT: compile start component=cairo_air::components::range_check_3_3_3_3_3::Eval kernel=stwo_jit_fused_264153f324dfa389 semantic_hash=264153f324dfa389 cache_key=08e5448d4cd611c0 instrs=47 source_bytes=9407 rc_base=0 relax_opt=false ts_ms=1783666187351
stwo JIT: compile+launch end component=cairo_air::components::range_check_3_3_3_3_3::Eval kernels=1 elapsed_ms=0 ts_ms=1783666187351
stwo JIT: codegen start component=cairo_air::components::verify_bitwise_xor_4::Eval ts_ms=1783666187351
stwo JIT: codegen end component=cairo_air::components::verify_bitwise_xor_4::Eval kernels=1 total_instrs=37 elapsed_ms=0 ts_ms=1783666187352
stwo JIT: compile start component=cairo_air::components::verify_bitwise_xor_4::Eval kernel=stwo_jit_fused_b6da13dc52c21465 semantic_hash=b6da13dc52c21465 cache_key=7e0b6c8348014c9a instrs=37 source_bytes=8907 rc_base=0 relax_opt=false ts_ms=1783666187352
stwo JIT: compile+launch end component=cairo_air::components::verify_bitwise_xor_4::Eval kernels=1 elapsed_ms=0 ts_ms=1783666187352
stwo JIT: codegen start component=cairo_air::components::verify_bitwise_xor_7::Eval ts_ms=1783666187352
stwo JIT: codegen end component=cairo_air::components::verify_bitwise_xor_7::Eval kernels=1 total_instrs=37 elapsed_ms=0 ts_ms=1783666187352
stwo JIT: compile start component=cairo_air::components::verify_bitwise_xor_7::Eval kernel=stwo_jit_fused_b6da13dc52c21465 semantic_hash=b6da13dc52c21465 cache_key=7e0b6c8348014c9a instrs=37 source_bytes=8907 rc_base=0 relax_opt=false ts_ms=1783666187352
stwo JIT: compile+launch end component=cairo_air::components::verify_bitwise_xor_7::Eval kernels=1 elapsed_ms=0 ts_ms=1783666187352
stwo JIT: codegen start component=cairo_air::components::verify_bitwise_xor_8::Eval ts_ms=1783666187352
stwo JIT: codegen end component=cairo_air::components::verify_bitwise_xor_8::Eval kernels=1 total_instrs=59 elapsed_ms=0 ts_ms=1783666187352
stwo JIT: compile start component=cairo_air::components::verify_bitwise_xor_8::Eval kernel=stwo_jit_fused_ad13f4b2c221bfc7 semantic_hash=ad13f4b2c221bfc7 cache_key=2d7a146fd5a09609 instrs=59 source_bytes=9813 rc_base=0 relax_opt=false ts_ms=1783666187352
stwo JIT: compile+launch end component=cairo_air::components::verify_bitwise_xor_8::Eval kernels=1 elapsed_ms=0 ts_ms=1783666187352
stwo JIT: codegen start component=cairo_air::components::verify_bitwise_xor_9::Eval ts_ms=1783666187352
stwo JIT: codegen end component=cairo_air::components::verify_bitwise_xor_9::Eval kernels=1 total_instrs=37 elapsed_ms=0 ts_ms=1783666187352
stwo JIT: compile start component=cairo_air::components::verify_bitwise_xor_9::Eval kernel=stwo_jit_fused_b6da13dc52c21465 semantic_hash=b6da13dc52c21465 cache_key=7e0b6c8348014c9a instrs=37 source_bytes=8907 rc_base=0 relax_opt=false ts_ms=1783666187352
stwo JIT: compile+launch end component=cairo_air::components::verify_bitwise_xor_9::Eval kernels=1 elapsed_ms=0 ts_ms=1783666187352
vram_phase[stark_core]: used_high=37.92GB reserved_high=43.75GB
rep=4 prove_s=5.807
jit_prove[jump_opcode_rel]: device witness 903 real rows (log_size 10) in 3.6 ms
jit_prove[jump_opcode_double_deref]: device witness 358 real rows (log_size 9) in 4.6 ms
jit_prove[call_opcode_abs]: device witness 359 real rows (log_size 9) in 5.2 ms
jit_prove[ret_opcode]: device witness 258366 real rows (log_size 18) in 9.5 ms
jit_prove[jnz_opcode_non_taken]: device witness 115005 real rows (log_size 17) in 11.0 ms
jit_prove[call_opcode_rel_imm]: device witness 258007 real rows (log_size 18) in 14.0 ms
jit_prove[jump_opcode_rel_imm]: device witness 356937 real rows (log_size 19) in 18.4 ms
jit_prove[ret_opcode]: device mem count feed merged 2 families
jit_prove[assert_eq_opcode_imm]: device witness 478552 real rows (log_size 19) in 25.0 ms
jit_prove[add_ap_opcode]: device witness 402083 real rows (log_size 19) in 57.5 ms
jit_prove[mul_opcode]: device witness 130858 real rows (log_size 17) in 66.1 ms
jit_prove[add_opcode]: device witness 651967 real rows (log_size 20) in 70.5 ms
jit_prove[mul_opcode_small]: device witness 379774 real rows (log_size 19) in 68.8 ms
jit_prove[call_opcode_abs]: device mem count feed merged 2 families
jit_prove[assert_eq_opcode]: device witness 957056 real rows (log_size 20) in 78.7 ms
jit_prove[jump_opcode_rel]: device mem count feed merged 2 families
jit_prove[jnz_opcode_taken]: device witness 569029 real rows (log_size 20) in 87.6 ms
jit_prove[jump_opcode_rel_imm]: device mem count feed merged 2 families
jit_prove[call_opcode_rel_imm]: device mem count feed merged 2 families
jit_prove[jump_opcode_double_deref]: device mem count feed merged 2 families
jit_prove[assert_eq_opcode_imm]: device mem count feed merged 1 families
jit_prove[jnz_opcode_non_taken]: device mem count feed merged 2 families
jit_prove[blake_compress_opcode]: device witness 40143 real rows (log_size 16) in 119.0 ms
jit_prove[add_opcode]: device mem count feed merged 2 families
jit_prove[blake_compress_opcode]: device count feed merged 4 relation families
jit_prove[jnz_opcode_taken]: device mem count feed merged 2 families
jit_prove[assert_eq_opcode_double_deref]: device witness 1798509 real rows (log_size 21) in 145.4 ms
jit_prove[mul_opcode_small]: device count feed merged 4 relation families
jit_prove[add_ap_opcode]: device count feed merged 5 relation families
jit_prove[assert_eq_opcode]: device mem count feed merged 1 families
jit_prove[assert_eq_opcode_double_deref]: device mem count feed merged 2 families
jit_prove[blake_compress_opcode]: stashed device edge for blake_round (host recovery mirror retained)
jit_prove[add_opcode_small]: device witness 1579491 real rows (log_size 21) in 199.3 ms
jit_prove[mul_opcode]: device count feed merged 4 relation families
jit_prove[add_opcode_small]: device mem count feed merged 2 families
jit_prove[blake_round]: device witness 655360 real rows (log_size 20) in 3.4 ms
jit_prove[verify_instruction]: device witness 51638 real rows (log_size 16) in 8.7 ms
jit_prove[verify_instruction]: device count feed merged 4 relation families
jit_prove[blake_round]: device count feed merged 5 relation families
jit_prove[blake_round]: stashed device edge for blake_g (host recovery mirror skipped)
jit_prove[triple_xor_32]: device witness 524288 real rows (log_size 19) in 28.1 ms
jit_prove[pedersen_aggregator_window_bits_18]: device witness 18258 real rows (log_size 15) in 2.1 ms
jit_prove[pedersen_aggregator_window_bits_18]: device count feed merged 3 relation families
jit_prove[pedersen_aggregator_window_bits_18]: stashed device edge for partial_ec_mul_window_bits_18 (host recovery mirror skipped)
jit_prove[partial_ec_mul_window_bits_18]: device witness 917504 real rows (log_size 20) in 6.3 ms
jit_prove[partial_ec_mul_window_bits_18]: device count feed merged 3 relation families
jit_prove[cube_252]: device witness 499712 real rows (log_size 19) in 3.2 ms
jit_prove[cube_252]: device count feed merged 2 relation families
jit_prove[range_check_252_width_27]: device witness 401408 real rows (log_size 19) in 21.7 ms
jit_prove[range_check_252_width_27]: device count feed merged 2 relation families
jit_prove[partial_ec_mul_generic]: device witness 258048 real rows (log_size 18) in 15.3 ms
jit_prove[partial_ec_mul_generic]: device count feed merged 3 relation families
vram_phase[witness]: used_high=34.56GB reserved_high=43.75GB
vram_phase[preprocessed_tree]: used_high=29.71GB reserved_high=43.75GB
vram_phase[base_commit]: used_high=43.72GB reserved_high=43.75GB
jit_interaction[add_opcode]: device logup 1048576 rows x 5 cols in 1.7 ms
jit_interaction[add_opcode_small]: device logup 2097152 rows x 5 cols in 2.8 ms
jit_interaction[add_ap_opcode]: device logup 524288 rows x 4 cols in 1.1 ms
jit_interaction[assert_eq_opcode]: device logup 1048576 rows x 3 cols in 0.9 ms
jit_interaction[assert_eq_opcode_imm]: device logup 524288 rows x 3 cols in 0.8 ms
jit_interaction[assert_eq_opcode_double_deref]: device logup 2097152 rows x 4 cols in 2.0 ms
jit_interaction[blake_compress_opcode]: device logup 65536 rows x 37 cols in 2.5 ms
jit_interaction[call_opcode_abs]: device logup 512 rows x 5 cols in 0.4 ms
jit_interaction[call_opcode_rel_imm]: device logup 262144 rows x 5 cols in 0.6 ms
jit_interaction[jnz_opcode_non_taken]: device logup 131072 rows x 3 cols in 0.4 ms
jit_interaction[jnz_opcode_taken]: device logup 1048576 rows x 4 cols in 1.3 ms
jit_interaction[jump_opcode_double_deref]: device logup 512 rows x 4 cols in 0.6 ms
jit_interaction[jump_opcode_rel]: device logup 1024 rows x 3 cols in 0.3 ms
jit_interaction[jump_opcode_rel_imm]: device logup 524288 rows x 3 cols in 0.6 ms
jit_interaction[mul_opcode]: device logup 131072 rows x 19 cols in 1.3 ms
jit_interaction[mul_opcode_small]: device logup 524288 rows x 6 cols in 1.1 ms
jit_interaction[ret_opcode]: device logup 262144 rows x 4 cols in 0.7 ms
jit_interaction[verify_instruction]: device logup 65536 rows x 3 cols in 0.4 ms
jit_interaction[blake_round]: device logup 1048576 rows x 30 cols in 8.7 ms
jit_interaction[triple_xor_32]: device logup 524288 rows x 5 cols in 0.8 ms
jit_interaction[partial_ec_mul_generic]: device logup 262144 rows x 157 cols in 10.2 ms
jit_interaction[pedersen_aggregator_window_bits_18]: device logup 32768 rows x 6 cols in 0.6 ms
jit_interaction[partial_ec_mul_window_bits_18]: device logup 1048576 rows x 65 cols in 12.2 ms
jit_interaction[cube_252]: device logup 524288 rows x 50 cols in 5.2 ms
jit_interaction[range_check_252_width_27]: device logup 524288 rows x 8 cols in 1.0 ms
vram_phase[interaction_write]: used_high=39.86GB reserved_high=43.75GB
vram_phase[interaction_commit]: used_high=39.99GB reserved_high=43.75GB
stwo JIT: codegen start component=cairo_air::components::add_opcode::Eval ts_ms=1783666192820
stwo JIT: codegen end component=cairo_air::components::add_opcode::Eval kernels=1 total_instrs=906 elapsed_ms=0 ts_ms=1783666192821
stwo JIT: compile start component=cairo_air::components::add_opcode::Eval kernel=stwo_jit_fused_c4fc2550c1ac56b8 semantic_hash=c4fc2550c1ac56b8 cache_key=fed62507369c1c00 instrs=906 source_bytes=52115 rc_base=0 relax_opt=false ts_ms=1783666192821
stwo JIT: compile+launch end component=cairo_air::components::add_opcode::Eval kernels=1 elapsed_ms=0 ts_ms=1783666192821
stwo JIT: codegen start component=cairo_air::components::add_opcode_small::Eval ts_ms=1783666192824
stwo JIT: codegen end component=cairo_air::components::add_opcode_small::Eval kernels=1 total_instrs=771 elapsed_ms=0 ts_ms=1783666192824
stwo JIT: compile start component=cairo_air::components::add_opcode_small::Eval kernel=stwo_jit_fused_f2af531532ff03c4 semantic_hash=f2af531532ff03c4 cache_key=8668572a11b345db instrs=771 source_bytes=42620 rc_base=0 relax_opt=false ts_ms=1783666192824
stwo JIT: compile+launch end component=cairo_air::components::add_opcode_small::Eval kernels=1 elapsed_ms=0 ts_ms=1783666192824
stwo JIT: codegen start component=cairo_air::components::add_ap_opcode::Eval ts_ms=1783666192830
stwo JIT: codegen end component=cairo_air::components::add_ap_opcode::Eval kernels=1 total_instrs=361 elapsed_ms=0 ts_ms=1783666192830
stwo JIT: compile start component=cairo_air::components::add_ap_opcode::Eval kernel=stwo_jit_fused_38f2f1291bb6bc30 semantic_hash=38f2f1291bb6bc30 cache_key=a8a79235f2296029 instrs=361 source_bytes=24010 rc_base=0 relax_opt=false ts_ms=1783666192830
stwo JIT: compile+launch end component=cairo_air::components::add_ap_opcode::Eval kernels=1 elapsed_ms=0 ts_ms=1783666192830
stwo JIT: codegen start component=cairo_air::components::assert_eq_opcode::Eval ts_ms=1783666192831
stwo JIT: codegen end component=cairo_air::components::assert_eq_opcode::Eval kernels=1 total_instrs=189 elapsed_ms=0 ts_ms=1783666192831
stwo JIT: compile start component=cairo_air::components::assert_eq_opcode::Eval kernel=stwo_jit_fused_3f818d142612918f semantic_hash=3f818d142612918f cache_key=705ffc197ad8a3cd instrs=189 source_bytes=16251 rc_base=0 relax_opt=false ts_ms=1783666192831
stwo JIT: compile+launch end component=cairo_air::components::assert_eq_opcode::Eval kernels=1 elapsed_ms=0 ts_ms=1783666192831
stwo JIT: codegen start component=cairo_air::components::assert_eq_opcode_imm::Eval ts_ms=1783666192831
stwo JIT: codegen end component=cairo_air::components::assert_eq_opcode_imm::Eval kernels=1 total_instrs=166 elapsed_ms=0 ts_ms=1783666192831
stwo JIT: compile start component=cairo_air::components::assert_eq_opcode_imm::Eval kernel=stwo_jit_fused_d5393c25fbb2874d semantic_hash=d5393c25fbb2874d cache_key=5212ad8933e14a8a instrs=166 source_bytes=15062 rc_base=0 relax_opt=false ts_ms=1783666192831
stwo JIT: compile+launch end component=cairo_air::components::assert_eq_opcode_imm::Eval kernels=1 elapsed_ms=0 ts_ms=1783666192831
stwo JIT: codegen start component=cairo_air::components::assert_eq_opcode_double_deref::Eval ts_ms=1783666192831
stwo JIT: codegen end component=cairo_air::components::assert_eq_opcode_double_deref::Eval kernels=1 total_instrs=266 elapsed_ms=0 ts_ms=1783666192831
stwo JIT: compile start component=cairo_air::components::assert_eq_opcode_double_deref::Eval kernel=stwo_jit_fused_e76fc7d452b58068 semantic_hash=e76fc7d452b58068 cache_key=81ae81db7a3e5faa instrs=266 source_bytes=20187 rc_base=0 relax_opt=false ts_ms=1783666192832
stwo JIT: compile+launch end component=cairo_air::components::assert_eq_opcode_double_deref::Eval kernels=1 elapsed_ms=0 ts_ms=1783666192832
stwo JIT: codegen start component=cairo_air::components::blake_compress_opcode::Eval ts_ms=1783666192833
stwo JIT: codegen end component=cairo_air::components::blake_compress_opcode::Eval kernels=2 total_instrs=3572 elapsed_ms=1 ts_ms=1783666192834
stwo JIT: compile start component=cairo_air::components::blake_compress_opcode::Eval kernel=stwo_jit_fused_5ac117800a3f6cd0 semantic_hash=5ac117800a3f6cd0 cache_key=971352f32bfae829 instrs=2006 source_bytes=101277 rc_base=0 relax_opt=false ts_ms=1783666192834
stwo JIT: compile start component=cairo_air::components::blake_compress_opcode::Eval kernel=stwo_jit_fused_9fc7a29ec077c2f0 semantic_hash=9fc7a29ec077c2f0 cache_key=2986e57f8d528c25 instrs=1566 source_bytes=80940 rc_base=35 relax_opt=false ts_ms=1783666192834
stwo JIT: compile+launch end component=cairo_air::components::blake_compress_opcode::Eval kernels=2 elapsed_ms=0 ts_ms=1783666192834
stwo JIT: codegen start component=cairo_air::components::call_opcode_abs::Eval ts_ms=1783666192836
stwo JIT: codegen end component=cairo_air::components::call_opcode_abs::Eval kernels=1 total_instrs=360 elapsed_ms=0 ts_ms=1783666192836
stwo JIT: compile start component=cairo_air::components::call_opcode_abs::Eval kernel=stwo_jit_fused_aaec7bbec10eedef semantic_hash=aaec7bbec10eedef cache_key=7d894a40fc4241f2 instrs=360 source_bytes=24610 rc_base=0 relax_opt=false ts_ms=1783666192836
stwo JIT: compile+launch end component=cairo_air::components::call_opcode_abs::Eval kernels=1 elapsed_ms=0 ts_ms=1783666192836
stwo JIT: codegen start component=cairo_air::components::call_opcode_rel_imm::Eval ts_ms=1783666192836
stwo JIT: codegen end component=cairo_air::components::call_opcode_rel_imm::Eval kernels=1 total_instrs=449 elapsed_ms=0 ts_ms=1783666192836
stwo JIT: compile start component=cairo_air::components::call_opcode_rel_imm::Eval kernel=stwo_jit_fused_f3770d28731e9baf semantic_hash=f3770d28731e9baf cache_key=d2d25df5e625d8a2 instrs=449 source_bytes=28120 rc_base=0 relax_opt=false ts_ms=1783666192836
stwo JIT: compile+launch end component=cairo_air::components::call_opcode_rel_imm::Eval kernels=1 elapsed_ms=0 ts_ms=1783666192836
stwo JIT: codegen start component=cairo_air::components::jnz_opcode_non_taken::Eval ts_ms=1783666192837
stwo JIT: codegen end component=cairo_air::components::jnz_opcode_non_taken::Eval kernels=1 total_instrs=216 elapsed_ms=0 ts_ms=1783666192837
stwo JIT: compile start component=cairo_air::components::jnz_opcode_non_taken::Eval kernel=stwo_jit_fused_ccbb8d139930365e semantic_hash=ccbb8d139930365e cache_key=3013fa5230eaf1ee instrs=216 source_bytes=16928 rc_base=0 relax_opt=false ts_ms=1783666192837
stwo JIT: compile+launch end component=cairo_air::components::jnz_opcode_non_taken::Eval kernels=1 elapsed_ms=0 ts_ms=1783666192837
stwo JIT: codegen start component=cairo_air::components::jnz_opcode_taken::Eval ts_ms=1783666192837
stwo JIT: codegen end component=cairo_air::components::jnz_opcode_taken::Eval kernels=1 total_instrs=542 elapsed_ms=0 ts_ms=1783666192837
stwo JIT: compile start component=cairo_air::components::jnz_opcode_taken::Eval kernel=stwo_jit_fused_bc762e9e3f2cfaf7 semantic_hash=bc762e9e3f2cfaf7 cache_key=7f00fb95f868ccf4 instrs=542 source_bytes=32590 rc_base=0 relax_opt=false ts_ms=1783666192837
stwo JIT: compile+launch end component=cairo_air::components::jnz_opcode_taken::Eval kernels=1 elapsed_ms=0 ts_ms=1783666192837
stwo JIT: codegen start component=cairo_air::components::jump_opcode_double_deref::Eval ts_ms=1783666192839
stwo JIT: codegen end component=cairo_air::components::jump_opcode_double_deref::Eval kernels=1 total_instrs=285 elapsed_ms=0 ts_ms=1783666192839
stwo JIT: compile start component=cairo_air::components::jump_opcode_double_deref::Eval kernel=stwo_jit_fused_f11bb80fb8ef9dac semantic_hash=f11bb80fb8ef9dac cache_key=77297d9ebda26715 instrs=285 source_bytes=20906 rc_base=0 relax_opt=false ts_ms=1783666192839
stwo JIT: compile+launch end component=cairo_air::components::jump_opcode_double_deref::Eval kernels=1 elapsed_ms=0 ts_ms=1783666192839
stwo JIT: codegen start component=cairo_air::components::jump_opcode_rel::Eval ts_ms=1783666192839
stwo JIT: codegen end component=cairo_air::components::jump_opcode_rel::Eval kernels=1 total_instrs=321 elapsed_ms=0 ts_ms=1783666192839
stwo JIT: compile start component=cairo_air::components::jump_opcode_rel::Eval kernel=stwo_jit_fused_80d573ea5cb70558 semantic_hash=80d573ea5cb70558 cache_key=1c70181a9a16680c instrs=321 source_bytes=21839 rc_base=0 relax_opt=false ts_ms=1783666192839
stwo JIT: compile+launch end component=cairo_air::components::jump_opcode_rel::Eval kernels=1 elapsed_ms=0 ts_ms=1783666192839
stwo JIT: codegen start component=cairo_air::components::jump_opcode_rel_imm::Eval ts_ms=1783666192839
stwo JIT: codegen end component=cairo_air::components::jump_opcode_rel_imm::Eval kernels=1 total_instrs=293 elapsed_ms=0 ts_ms=1783666192839
stwo JIT: compile start component=cairo_air::components::jump_opcode_rel_imm::Eval kernel=stwo_jit_fused_23630e2413ed4300 semantic_hash=23630e2413ed4300 cache_key=eeb49ef87a4c7c9f instrs=293 source_bytes=20371 rc_base=0 relax_opt=false ts_ms=1783666192839
stwo JIT: compile+launch end component=cairo_air::components::jump_opcode_rel_imm::Eval kernels=1 elapsed_ms=0 ts_ms=1783666192839
stwo JIT: codegen start component=cairo_air::components::mul_opcode::Eval ts_ms=1783666192840
stwo JIT: codegen end component=cairo_air::components::mul_opcode::Eval kernels=2 total_instrs=2713 elapsed_ms=0 ts_ms=1783666192841
stwo JIT: compile start component=cairo_air::components::mul_opcode::Eval kernel=stwo_jit_fused_330b6ac3795548e2 semantic_hash=330b6ac3795548e2 cache_key=566e541878630fa5 instrs=2011 source_bytes=92497 rc_base=0 relax_opt=false ts_ms=1783666192841
stwo JIT: compile start component=cairo_air::components::mul_opcode::Eval kernel=stwo_jit_fused_6a86368213950a80 semantic_hash=6a86368213950a80 cache_key=fbe0ec35d7227d64 instrs=702 source_bytes=43559 rc_base=42 relax_opt=false ts_ms=1783666192841
stwo JIT: compile+launch end component=cairo_air::components::mul_opcode::Eval kernels=2 elapsed_ms=0 ts_ms=1783666192841
stwo JIT: codegen start component=cairo_air::components::mul_opcode_small::Eval ts_ms=1783666192842
stwo JIT: codegen end component=cairo_air::components::mul_opcode_small::Eval kernels=1 total_instrs=474 elapsed_ms=0 ts_ms=1783666192842
stwo JIT: compile start component=cairo_air::components::mul_opcode_small::Eval kernel=stwo_jit_fused_df7268f8d131b2aa semantic_hash=df7268f8d131b2aa cache_key=0e5d5e4ce6ec6b93 instrs=474 source_bytes=30690 rc_base=0 relax_opt=false ts_ms=1783666192842
stwo JIT: compile+launch end component=cairo_air::components::mul_opcode_small::Eval kernels=1 elapsed_ms=0 ts_ms=1783666192842
stwo JIT: codegen start component=cairo_air::components::ret_opcode::Eval ts_ms=1783666192843
stwo JIT: codegen end component=cairo_air::components::ret_opcode::Eval kernels=1 total_instrs=246 elapsed_ms=0 ts_ms=1783666192843
stwo JIT: compile start component=cairo_air::components::ret_opcode::Eval kernel=stwo_jit_fused_4a840241ace6b1ce semantic_hash=4a840241ace6b1ce cache_key=cad46594598ea494 instrs=246 source_bytes=18919 rc_base=0 relax_opt=false ts_ms=1783666192843
stwo JIT: compile+launch end component=cairo_air::components::ret_opcode::Eval kernels=1 elapsed_ms=0 ts_ms=1783666192843
stwo JIT: codegen start component=cairo_air::components::verify_instruction::Eval ts_ms=1783666192843
stwo JIT: codegen end component=cairo_air::components::verify_instruction::Eval kernels=1 total_instrs=238 elapsed_ms=0 ts_ms=1783666192843
stwo JIT: compile start component=cairo_air::components::verify_instruction::Eval kernel=stwo_jit_fused_598b3f5cd7a508ff semantic_hash=598b3f5cd7a508ff cache_key=3d4047fe93d01090 instrs=238 source_bytes=18266 rc_base=0 relax_opt=false ts_ms=1783666192843
stwo JIT: compile+launch end component=cairo_air::components::verify_instruction::Eval kernels=1 elapsed_ms=0 ts_ms=1783666192843
stwo JIT: codegen start component=cairo_air::components::blake_round::Eval ts_ms=1783666192843
stwo JIT: codegen end component=cairo_air::components::blake_round::Eval kernels=2 total_instrs=3468 elapsed_ms=0 ts_ms=1783666192844
stwo JIT: compile start component=cairo_air::components::blake_round::Eval kernel=stwo_jit_fused_e327583d108f9be2 semantic_hash=e327583d108f9be2 cache_key=0cc121e2d56bda89 instrs=2047 source_bytes=100621 rc_base=0 relax_opt=false ts_ms=1783666192844
stwo JIT: compile start component=cairo_air::components::blake_round::Eval kernel=stwo_jit_fused_d8c01f1a61a70266 semantic_hash=d8c01f1a61a70266 cache_key=eac25c9e774849d9 instrs=1421 source_bytes=74752 rc_base=23 relax_opt=false ts_ms=1783666192844
stwo JIT: compile+launch end component=cairo_air::components::blake_round::Eval kernels=2 elapsed_ms=0 ts_ms=1783666192844
stwo JIT: codegen start component=cairo_air::components::blake_g::Eval ts_ms=1783666192869
stwo JIT: codegen end component=cairo_air::components::blake_g::Eval kernels=1 total_instrs=685 elapsed_ms=0 ts_ms=1783666192869
stwo JIT: compile start component=cairo_air::components::blake_g::Eval kernel=stwo_jit_fused_85bc7442abcf3b0a semantic_hash=85bc7442abcf3b0a cache_key=beb87a7bcb35fdfe instrs=685 source_bytes=39888 rc_base=0 relax_opt=false ts_ms=1783666192869
stwo JIT: compile+launch end component=cairo_air::components::blake_g::Eval kernels=1 elapsed_ms=0 ts_ms=1783666192869
stwo JIT: codegen start component=cairo_air::components::blake_round_sigma::Eval ts_ms=1783666192893
stwo JIT: codegen end component=cairo_air::components::blake_round_sigma::Eval kernels=1 total_instrs=107 elapsed_ms=0 ts_ms=1783666192893
stwo JIT: compile start component=cairo_air::components::blake_round_sigma::Eval kernel=stwo_jit_fused_dc512e9aef7f81c9 semantic_hash=dc512e9aef7f81c9 cache_key=35fe95ac7e0206d7 instrs=107 source_bytes=12477 rc_base=0 relax_opt=false ts_ms=1783666192894
stwo JIT: compile+launch end component=cairo_air::components::blake_round_sigma::Eval kernels=1 elapsed_ms=0 ts_ms=1783666192894
stwo JIT: codegen start component=cairo_air::components::triple_xor_32::Eval ts_ms=1783666192894
stwo JIT: codegen end component=cairo_air::components::triple_xor_32::Eval kernels=1 total_instrs=277 elapsed_ms=0 ts_ms=1783666192894
stwo JIT: compile start component=cairo_air::components::triple_xor_32::Eval kernel=stwo_jit_fused_604bf5992fe4faf1 semantic_hash=604bf5992fe4faf1 cache_key=4edcbfbe690d89f5 instrs=277 source_bytes=20572 rc_base=0 relax_opt=false ts_ms=1783666192894
stwo JIT: compile+launch end component=cairo_air::components::triple_xor_32::Eval kernels=1 elapsed_ms=0 ts_ms=1783666192894
stwo JIT: codegen start component=cairo_air::components::verify_bitwise_xor_12::Eval ts_ms=1783666192894
stwo JIT: codegen end component=cairo_air::components::verify_bitwise_xor_12::Eval kernels=1 total_instrs=490 elapsed_ms=0 ts_ms=1783666192894
stwo JIT: compile start component=cairo_air::components::verify_bitwise_xor_12::Eval kernel=stwo_jit_fused_73ad4f300b5c03b9 semantic_hash=73ad4f300b5c03b9 cache_key=c27640c48e579b6a instrs=490 source_bytes=29507 rc_base=0 relax_opt=false ts_ms=1783666192894
stwo JIT: compile+launch end component=cairo_air::components::verify_bitwise_xor_12::Eval kernels=1 elapsed_ms=0 ts_ms=1783666192894
stwo JIT: codegen start component=cairo_air::components::bitwise_builtin::Eval ts_ms=1783666192895
stwo JIT: codegen end component=cairo_air::components::bitwise_builtin::Eval kernels=1 total_instrs=1602 elapsed_ms=0 ts_ms=1783666192896
stwo JIT: compile start component=cairo_air::components::bitwise_builtin::Eval kernel=stwo_jit_fused_e01e51aece8601a3 semantic_hash=e01e51aece8601a3 cache_key=841ad730275bfa31 instrs=1602 source_bytes=81155 rc_base=0 relax_opt=false ts_ms=1783666192896
stwo JIT: compile+launch end component=cairo_air::components::bitwise_builtin::Eval kernels=1 elapsed_ms=0 ts_ms=1783666192896
stwo JIT: codegen start component=cairo_air::components::pedersen_builtin::Eval ts_ms=1783666192896
stwo JIT: codegen end component=cairo_air::components::pedersen_builtin::Eval kernels=1 total_instrs=96 elapsed_ms=0 ts_ms=1783666192896
stwo JIT: compile start component=cairo_air::components::pedersen_builtin::Eval kernel=stwo_jit_fused_be5c30c37e524bca semantic_hash=be5c30c37e524bca cache_key=d0b91fb3d8655fb8 instrs=96 source_bytes=11332 rc_base=0 relax_opt=false ts_ms=1783666192896
stwo JIT: compile+launch end component=cairo_air::components::pedersen_builtin::Eval kernels=1 elapsed_ms=0 ts_ms=1783666192896
stwo JIT: codegen start component=cairo_air::components::poseidon_builtin::Eval ts_ms=1783666192896
stwo JIT: codegen end component=cairo_air::components::poseidon_builtin::Eval kernels=1 total_instrs=173 elapsed_ms=0 ts_ms=1783666192896
stwo JIT: compile start component=cairo_air::components::poseidon_builtin::Eval kernel=stwo_jit_fused_8e66c31ce70ae6d9 semantic_hash=8e66c31ce70ae6d9 cache_key=27cc85376e0a84db instrs=173 source_bytes=15072 rc_base=0 relax_opt=false ts_ms=1783666192896
stwo JIT: compile+launch end component=cairo_air::components::poseidon_builtin::Eval kernels=1 elapsed_ms=0 ts_ms=1783666192896
stwo JIT: codegen start component=cairo_air::components::range_check_builtin::Eval ts_ms=1783666192896
stwo JIT: codegen end component=cairo_air::components::range_check_builtin::Eval kernels=1 total_instrs=135 elapsed_ms=0 ts_ms=1783666192896
stwo JIT: compile start component=cairo_air::components::range_check_builtin::Eval kernel=stwo_jit_fused_dce8d7630af46180 semantic_hash=dce8d7630af46180 cache_key=d38a1ebe1395b88d instrs=135 source_bytes=13561 rc_base=0 relax_opt=false ts_ms=1783666192896
stwo JIT: compile+launch end component=cairo_air::components::range_check_builtin::Eval kernels=1 elapsed_ms=0 ts_ms=1783666192896
stwo JIT: codegen start component=cairo_air::components::ec_op_builtin::Eval ts_ms=1783666192897
stwo JIT: codegen end component=cairo_air::components::ec_op_builtin::Eval kernels=2 total_instrs=2598 elapsed_ms=0 ts_ms=1783666192897
stwo JIT: compile start component=cairo_air::components::ec_op_builtin::Eval kernel=stwo_jit_fused_345e19f8123887a5 semantic_hash=345e19f8123887a5 cache_key=274f366b0e161aed instrs=954 source_bytes=56290 rc_base=0 relax_opt=false ts_ms=1783666192897
stwo JIT: compile start component=cairo_air::components::ec_op_builtin::Eval kernel=stwo_jit_fused_fb86d96361e4982a semantic_hash=fb86d96361e4982a cache_key=f8145e081a604b88 instrs=1644 source_bytes=88850 rc_base=12 relax_opt=false ts_ms=1783666192897
stwo JIT: compile+launch end component=cairo_air::components::ec_op_builtin::Eval kernels=2 elapsed_ms=0 ts_ms=1783666192897
stwo JIT: codegen start component=cairo_air::components::partial_ec_mul_generic::Eval ts_ms=1783666192898
stwo JIT: codegen end component=cairo_air::components::partial_ec_mul_generic::Eval kernels=11 total_instrs=20334 elapsed_ms=7 ts_ms=1783666192906
stwo JIT: compile start component=cairo_air::components::partial_ec_mul_generic::Eval kernel=stwo_jit_fused_a825a049ba6a952f semantic_hash=a825a049ba6a952f cache_key=938d4c6c79c6c68e instrs=1963 source_bytes=94180 rc_base=0 relax_opt=false ts_ms=1783666192906
stwo JIT: compile start component=cairo_air::components::partial_ec_mul_generic::Eval kernel=stwo_jit_fused_a5a22a904ae7719a semantic_hash=a5a22a904ae7719a cache_key=0d85e62852e65bf1 instrs=2041 source_bytes=93357 rc_base=55 relax_opt=false ts_ms=1783666192906
stwo JIT: compile start component=cairo_air::components::partial_ec_mul_generic::Eval kernel=stwo_jit_fused_fd5f6abc639c7ad3 semantic_hash=fd5f6abc639c7ad3 cache_key=00f8a89b9d11ef90 instrs=1943 source_bytes=101819 rc_base=86 relax_opt=false ts_ms=1783666192906
stwo JIT: compile start component=cairo_air::components::partial_ec_mul_generic::Eval kernel=stwo_jit_fused_49565bc27a55d074 semantic_hash=49565bc27a55d074 cache_key=ef130c4b88f1d0bf instrs=1942 source_bytes=89769 rc_base=167 relax_opt=false ts_ms=1783666192906
stwo JIT: compile start component=cairo_air::components::partial_ec_mul_generic::Eval kernel=stwo_jit_fused_3a940a524062d0a6 semantic_hash=3a940a524062d0a6 cache_key=95cbc777b66614e4 instrs=1969 source_bytes=86758 rc_base=207 relax_opt=false ts_ms=1783666192906
stwo JIT: compile start component=cairo_air::components::partial_ec_mul_generic::Eval kernel=stwo_jit_fused_9927162c86fc449f semantic_hash=9927162c86fc449f cache_key=b52eac7ce08c782d instrs=1934 source_bytes=87320 rc_base=237 relax_opt=false ts_ms=1783666192906
stwo JIT: compile start component=cairo_air::components::partial_ec_mul_generic::Eval kernel=stwo_jit_fused_a80c5d6eff945be0 semantic_hash=a80c5d6eff945be0 cache_key=55e5013d1c80a943 instrs=2048 source_bytes=100081 rc_base=265 relax_opt=false ts_ms=1783666192906
stwo JIT: compile start component=cairo_air::components::partial_ec_mul_generic::Eval kernel=stwo_jit_fused_342c812094c790bf semantic_hash=342c812094c790bf cache_key=eca6e39dfa7fda85 instrs=2012 source_bytes=115751 rc_base=303 relax_opt=false ts_ms=1783666192906
stwo JIT: compile start component=cairo_air::components::partial_ec_mul_generic::Eval kernel=stwo_jit_fused_f72f80a3f2b92cfe semantic_hash=f72f80a3f2b92cfe cache_key=ba7e655bf934f6ca instrs=2026 source_bytes=117395 rc_base=359 relax_opt=false ts_ms=1783666192906
stwo JIT: compile start component=cairo_air::components::partial_ec_mul_generic::Eval kernel=stwo_jit_fused_229943774e0da851 semantic_hash=229943774e0da851 cache_key=522e1e85e10cfb65 instrs=1170 source_bytes=69007 rc_base=414 relax_opt=false ts_ms=1783666192906
stwo JIT: compile start component=cairo_air::components::partial_ec_mul_generic::Eval kernel=stwo_jit_fused_30f739c2d3c73514 semantic_hash=30f739c2d3c73514 cache_key=9e4eeea66a271785 instrs=1286 source_bytes=73881 rc_base=447 relax_opt=false ts_ms=1783666192906
stwo JIT: compile+launch end component=cairo_air::components::partial_ec_mul_generic::Eval kernels=11 elapsed_ms=0 ts_ms=1783666192906
stwo JIT: codegen start component=cairo_air::components::pedersen_aggregator_window_bits_18::Eval ts_ms=1783666192939
stwo JIT: codegen end component=cairo_air::components::pedersen_aggregator_window_bits_18::Eval kernels=1 total_instrs=1918 elapsed_ms=0 ts_ms=1783666192939
stwo JIT: compile start component=cairo_air::components::pedersen_aggregator_window_bits_18::Eval kernel=stwo_jit_fused_38d89578fcdc1c7c semantic_hash=38d89578fcdc1c7c cache_key=43130551ff46c455 instrs=1918 source_bytes=99637 rc_base=0 relax_opt=false ts_ms=1783666192939
stwo JIT: compile+launch end component=cairo_air::components::pedersen_aggregator_window_bits_18::Eval kernels=1 elapsed_ms=0 ts_ms=1783666192939
stwo JIT: codegen start component=cairo_air::components::partial_ec_mul_window_bits_18::Eval ts_ms=1783666192940
stwo JIT: codegen end component=cairo_air::components::partial_ec_mul_window_bits_18::Eval kernels=5 total_instrs=8904 elapsed_ms=2 ts_ms=1783666192943
stwo JIT: compile start component=cairo_air::components::partial_ec_mul_window_bits_18::Eval kernel=stwo_jit_fused_86a901b804923a10 semantic_hash=86a901b804923a10 cache_key=1ab049f2a1c4ff32 instrs=2041 source_bytes=92272 rc_base=0 relax_opt=false ts_ms=1783666192943
stwo JIT: compile start component=cairo_air::components::partial_ec_mul_window_bits_18::Eval kernel=stwo_jit_fused_88abad321f9b225e semantic_hash=88abad321f9b225e cache_key=bdfea75f60bf42ca instrs=1959 source_bytes=89916 rc_base=31 relax_opt=false ts_ms=1783666192943
stwo JIT: compile start component=cairo_air::components::partial_ec_mul_window_bits_18::Eval kernel=stwo_jit_fused_fafdbb942f7afd88 semantic_hash=fafdbb942f7afd88 cache_key=c2631bd0d61a0e70 instrs=2028 source_bytes=97821 rc_base=59 relax_opt=false ts_ms=1783666192943
stwo JIT: compile start component=cairo_air::components::partial_ec_mul_window_bits_18::Eval kernel=stwo_jit_fused_73dba529a778dc70 semantic_hash=73dba529a778dc70 cache_key=59261525ff27b3f7 instrs=2015 source_bytes=115775 rc_base=89 relax_opt=false ts_ms=1783666192943
stwo JIT: compile start component=cairo_air::components::partial_ec_mul_window_bits_18::Eval kernel=stwo_jit_fused_13b40cb8bc3f2903 semantic_hash=13b40cb8bc3f2903 cache_key=37fde1600beee62c instrs=861 source_bytes=51619 rc_base=145 relax_opt=false ts_ms=1783666192943
stwo JIT: compile+launch end component=cairo_air::components::partial_ec_mul_window_bits_18::Eval kernels=5 elapsed_ms=0 ts_ms=1783666192943
stwo JIT: codegen start component=cairo_air::components::pedersen_points_table_window_bits_18::Eval ts_ms=1783666192997
stwo JIT: codegen end component=cairo_air::components::pedersen_points_table_window_bits_18::Eval kernels=1 total_instrs=307 elapsed_ms=0 ts_ms=1783666192997
stwo JIT: compile start component=cairo_air::components::pedersen_points_table_window_bits_18::Eval kernel=stwo_jit_fused_6d15c44abe421789 semantic_hash=6d15c44abe421789 cache_key=2e3eccbf87dcd53e instrs=307 source_bytes=22677 rc_base=0 relax_opt=false ts_ms=1783666192997
stwo JIT: compile+launch end component=cairo_air::components::pedersen_points_table_window_bits_18::Eval kernels=1 elapsed_ms=0 ts_ms=1783666192997
stwo JIT: codegen start component=cairo_air::components::poseidon_aggregator::Eval ts_ms=1783666193002
stwo JIT: codegen end component=cairo_air::components::poseidon_aggregator::Eval kernels=3 total_instrs=4436 elapsed_ms=1 ts_ms=1783666193003
stwo JIT: compile start component=cairo_air::components::poseidon_aggregator::Eval kernel=stwo_jit_fused_3b6a2b9af05716bc semantic_hash=3b6a2b9af05716bc cache_key=3d482973d4d2ba8f instrs=1934 source_bytes=97650 rc_base=0 relax_opt=false ts_ms=1783666193003
stwo JIT: compile start component=cairo_air::components::poseidon_aggregator::Eval kernel=stwo_jit_fused_b6cc3b9a735492be semantic_hash=b6cc3b9a735492be cache_key=ff2c767739af6bea instrs=1822 source_bytes=87503 rc_base=40 relax_opt=false ts_ms=1783666193003
stwo JIT: compile start component=cairo_air::components::poseidon_aggregator::Eval kernel=stwo_jit_fused_c9c647c15f2d8884 semantic_hash=c9c647c15f2d8884 cache_key=2b7ba77c434ef9f3 instrs=680 source_bytes=38064 rc_base=49 relax_opt=false ts_ms=1783666193003
stwo JIT: compile+launch end component=cairo_air::components::poseidon_aggregator::Eval kernels=3 elapsed_ms=0 ts_ms=1783666193003
stwo JIT: codegen start component=cairo_air::components::poseidon_3_partial_rounds_chain::Eval ts_ms=1783666193004
stwo JIT: codegen end component=cairo_air::components::poseidon_3_partial_rounds_chain::Eval kernels=2 total_instrs=2231 elapsed_ms=0 ts_ms=1783666193004
stwo JIT: compile start component=cairo_air::components::poseidon_3_partial_rounds_chain::Eval kernel=stwo_jit_fused_9bd43e62338a819d semantic_hash=9bd43e62338a819d cache_key=99235b4e75c03b7e instrs=1775 source_bytes=87153 rc_base=0 relax_opt=false ts_ms=1783666193004
stwo JIT: compile start component=cairo_air::components::poseidon_3_partial_rounds_chain::Eval kernel=stwo_jit_fused_2a2157ac10240c20 semantic_hash=2a2157ac10240c20 cache_key=41f19eb13bc4275c instrs=456 source_bytes=30246 rc_base=45 relax_opt=false ts_ms=1783666193004
stwo JIT: compile+launch end component=cairo_air::components::poseidon_3_partial_rounds_chain::Eval kernels=2 elapsed_ms=0 ts_ms=1783666193004
stwo JIT: codegen start component=cairo_air::components::poseidon_full_round_chain::Eval ts_ms=1783666193006
stwo JIT: codegen end component=cairo_air::components::poseidon_full_round_chain::Eval kernels=1 total_instrs=1325 elapsed_ms=0 ts_ms=1783666193006
stwo JIT: compile start component=cairo_air::components::poseidon_full_round_chain::Eval kernel=stwo_jit_fused_216f562d8a710df7 semantic_hash=216f562d8a710df7 cache_key=5778c9f6db5cf1d6 instrs=1325 source_bytes=67425 rc_base=0 relax_opt=false ts_ms=1783666193006
stwo JIT: compile+launch end component=cairo_air::components::poseidon_full_round_chain::Eval kernels=1 elapsed_ms=0 ts_ms=1783666193006
stwo JIT: codegen start component=cairo_air::components::cube_252::Eval ts_ms=1783666193006
stwo JIT: codegen end component=cairo_air::components::cube_252::Eval kernels=3 total_instrs=5406 elapsed_ms=1 ts_ms=1783666193008
stwo JIT: compile start component=cairo_air::components::cube_252::Eval kernel=stwo_jit_fused_236ecb1645901ac0 semantic_hash=236ecb1645901ac0 cache_key=c687f168b5760e1f instrs=1943 source_bytes=84152 rc_base=0 relax_opt=false ts_ms=1783666193008
stwo JIT: compile start component=cairo_air::components::cube_252::Eval kernel=stwo_jit_fused_f98780e88d7e4690 semantic_hash=f98780e88d7e4690 cache_key=7c0e5e9ed1f1e625 instrs=2019 source_bytes=93964 rc_base=31 relax_opt=false ts_ms=1783666193008
stwo JIT: compile start component=cairo_air::components::cube_252::Eval kernel=stwo_jit_fused_898f5baace96c569 semantic_hash=898f5baace96c569 cache_key=c91808b47dc924cf instrs=1444 source_bytes=82329 rc_base=70 relax_opt=false ts_ms=1783666193008
stwo JIT: compile+launch end component=cairo_air::components::cube_252::Eval kernels=3 elapsed_ms=0 ts_ms=1783666193008
stwo JIT: codegen start component=cairo_air::components::poseidon_round_keys::Eval ts_ms=1783666193024
stwo JIT: codegen end component=cairo_air::components::poseidon_round_keys::Eval kernels=1 total_instrs=177 elapsed_ms=0 ts_ms=1783666193024
stwo JIT: compile start component=cairo_air::components::poseidon_round_keys::Eval kernel=stwo_jit_fused_6eec0240134c359d semantic_hash=6eec0240134c359d cache_key=72234bdb224e728d instrs=177 source_bytes=16047 rc_base=0 relax_opt=false ts_ms=1783666193024
stwo JIT: compile+launch end component=cairo_air::components::poseidon_round_keys::Eval kernels=1 elapsed_ms=0 ts_ms=1783666193024
stwo JIT: codegen start component=cairo_air::components::range_check_252_width_27::Eval ts_ms=1783666193024
stwo JIT: codegen end component=cairo_air::components::range_check_252_width_27::Eval kernels=1 total_instrs=327 elapsed_ms=0 ts_ms=1783666193025
stwo JIT: compile start component=cairo_air::components::range_check_252_width_27::Eval kernel=stwo_jit_fused_f546a8bace1705fa semantic_hash=f546a8bace1705fa cache_key=c2a3991180dc0c6d instrs=327 source_bytes=23693 rc_base=0 relax_opt=false ts_ms=1783666193025
stwo JIT: compile+launch end component=cairo_air::components::range_check_252_width_27::Eval kernels=1 elapsed_ms=0 ts_ms=1783666193025
stwo JIT: codegen start component=cairo_air::components::memory_address_to_id::Eval ts_ms=1783666193025
stwo JIT: codegen end component=cairo_air::components::memory_address_to_id::Eval kernels=1 total_instrs=378 elapsed_ms=0 ts_ms=1783666193025
stwo JIT: compile start component=cairo_air::components::memory_address_to_id::Eval kernel=stwo_jit_fused_3c4eba302b5cb3ed semantic_hash=3c4eba302b5cb3ed cache_key=b739dbe5ffa5866b instrs=378 source_bytes=25923 rc_base=0 relax_opt=false ts_ms=1783666193026
stwo JIT: compile+launch end component=cairo_air::components::memory_address_to_id::Eval kernels=1 elapsed_ms=0 ts_ms=1783666193026
stwo JIT: codegen start component=cairo_air::components::memory_id_to_big::BigEval ts_ms=1783666193027
stwo JIT: codegen end component=cairo_air::components::memory_id_to_big::BigEval kernels=1 total_instrs=423 elapsed_ms=0 ts_ms=1783666193027
stwo JIT: compile start component=cairo_air::components::memory_id_to_big::BigEval kernel=stwo_jit_fused_d0a2396eb5e8e845 semantic_hash=d0a2396eb5e8e845 cache_key=8e3c0eaec20fdd9f instrs=423 source_bytes=28033 rc_base=0 relax_opt=false ts_ms=1783666193027
stwo JIT: compile+launch end component=cairo_air::components::memory_id_to_big::BigEval kernels=1 elapsed_ms=0 ts_ms=1783666193027
stwo JIT: codegen start component=cairo_air::components::memory_id_to_small::Eval ts_ms=1783666193027
stwo JIT: codegen end component=cairo_air::components::memory_id_to_small::Eval kernels=1 total_instrs=139 elapsed_ms=0 ts_ms=1783666193028
stwo JIT: compile start component=cairo_air::components::memory_id_to_small::Eval kernel=stwo_jit_fused_509c4d39b553946d semantic_hash=509c4d39b553946d cache_key=c1687d6fa328bb5d instrs=139 source_bytes=13876 rc_base=0 relax_opt=false ts_ms=1783666193028
stwo JIT: compile+launch end component=cairo_air::components::memory_id_to_small::Eval kernels=1 elapsed_ms=0 ts_ms=1783666193028
stwo JIT: codegen start component=cairo_air::components::range_check_6::Eval ts_ms=1783666193028
stwo JIT: codegen end component=cairo_air::components::range_check_6::Eval kernels=1 total_instrs=27 elapsed_ms=0 ts_ms=1783666193028
stwo JIT: compile start component=cairo_air::components::range_check_6::Eval kernel=stwo_jit_fused_b455671faf7e7149 semantic_hash=b455671faf7e7149 cache_key=5754f8a873a52740 instrs=27 source_bytes=8407 rc_base=0 relax_opt=false ts_ms=1783666193028
stwo JIT: compile+launch end component=cairo_air::components::range_check_6::Eval kernels=1 elapsed_ms=0 ts_ms=1783666193029
stwo JIT: codegen start component=cairo_air::components::range_check_8::Eval ts_ms=1783666193029
stwo JIT: codegen end component=cairo_air::components::range_check_8::Eval kernels=1 total_instrs=27 elapsed_ms=0 ts_ms=1783666193029
stwo JIT: compile start component=cairo_air::components::range_check_8::Eval kernel=stwo_jit_fused_b455671faf7e7149 semantic_hash=b455671faf7e7149 cache_key=5754f8a873a52740 instrs=27 source_bytes=8407 rc_base=0 relax_opt=false ts_ms=1783666193029
stwo JIT: compile+launch end component=cairo_air::components::range_check_8::Eval kernels=1 elapsed_ms=0 ts_ms=1783666193029
stwo JIT: codegen start component=cairo_air::components::range_check_11::Eval ts_ms=1783666193029
stwo JIT: codegen end component=cairo_air::components::range_check_11::Eval kernels=1 total_instrs=27 elapsed_ms=0 ts_ms=1783666193029
stwo JIT: compile start component=cairo_air::components::range_check_11::Eval kernel=stwo_jit_fused_b455671faf7e7149 semantic_hash=b455671faf7e7149 cache_key=5754f8a873a52740 instrs=27 source_bytes=8407 rc_base=0 relax_opt=false ts_ms=1783666193029
stwo JIT: compile+launch end component=cairo_air::components::range_check_11::Eval kernels=1 elapsed_ms=0 ts_ms=1783666193029
stwo JIT: codegen start component=cairo_air::components::range_check_12::Eval ts_ms=1783666193029
stwo JIT: codegen end component=cairo_air::components::range_check_12::Eval kernels=1 total_instrs=27 elapsed_ms=0 ts_ms=1783666193029
stwo JIT: compile start component=cairo_air::components::range_check_12::Eval kernel=stwo_jit_fused_b455671faf7e7149 semantic_hash=b455671faf7e7149 cache_key=5754f8a873a52740 instrs=27 source_bytes=8407 rc_base=0 relax_opt=false ts_ms=1783666193029
stwo JIT: compile+launch end component=cairo_air::components::range_check_12::Eval kernels=1 elapsed_ms=0 ts_ms=1783666193029
stwo JIT: codegen start component=cairo_air::components::range_check_18::Eval ts_ms=1783666193029
stwo JIT: codegen end component=cairo_air::components::range_check_18::Eval kernels=1 total_instrs=41 elapsed_ms=0 ts_ms=1783666193029
stwo JIT: compile start component=cairo_air::components::range_check_18::Eval kernel=stwo_jit_fused_5110e647be737a71 semantic_hash=5110e647be737a71 cache_key=60f1edbf38c46846 instrs=41 source_bytes=9008 rc_base=0 relax_opt=false ts_ms=1783666193029
stwo JIT: compile+launch end component=cairo_air::components::range_check_18::Eval kernels=1 elapsed_ms=0 ts_ms=1783666193029
stwo JIT: codegen start component=cairo_air::components::range_check_20::Eval ts_ms=1783666193029
stwo JIT: codegen end component=cairo_air::components::range_check_20::Eval kernels=1 total_instrs=137 elapsed_ms=0 ts_ms=1783666193029
stwo JIT: compile start component=cairo_air::components::range_check_20::Eval kernel=stwo_jit_fused_f3c5592c25df0a2b semantic_hash=f3c5592c25df0a2b cache_key=fde450a0c79effe4 instrs=137 source_bytes=14375 rc_base=0 relax_opt=false ts_ms=1783666193029
stwo JIT: compile+launch end component=cairo_air::components::range_check_20::Eval kernels=1 elapsed_ms=0 ts_ms=1783666193029
stwo JIT: codegen start component=cairo_air::components::range_check_4_3::Eval ts_ms=1783666193029
stwo JIT: codegen end component=cairo_air::components::range_check_4_3::Eval kernels=1 total_instrs=32 elapsed_ms=0 ts_ms=1783666193029
stwo JIT: compile start component=cairo_air::components::range_check_4_3::Eval kernel=stwo_jit_fused_bfbf5a8a40591289 semantic_hash=bfbf5a8a40591289 cache_key=785f1d2fda1ea922 instrs=32 source_bytes=8657 rc_base=0 relax_opt=false ts_ms=1783666193029
stwo JIT: compile+launch end component=cairo_air::components::range_check_4_3::Eval kernels=1 elapsed_ms=0 ts_ms=1783666193029
stwo JIT: codegen start component=cairo_air::components::range_check_4_4::Eval ts_ms=1783666193029
stwo JIT: codegen end component=cairo_air::components::range_check_4_4::Eval kernels=1 total_instrs=32 elapsed_ms=0 ts_ms=1783666193029
stwo JIT: compile start component=cairo_air::components::range_check_4_4::Eval kernel=stwo_jit_fused_bfbf5a8a40591289 semantic_hash=bfbf5a8a40591289 cache_key=785f1d2fda1ea922 instrs=32 source_bytes=8657 rc_base=0 relax_opt=false ts_ms=1783666193029
stwo JIT: compile+launch end component=cairo_air::components::range_check_4_4::Eval kernels=1 elapsed_ms=0 ts_ms=1783666193029
stwo JIT: codegen start component=cairo_air::components::range_check_9_9::Eval ts_ms=1783666193030
stwo JIT: codegen end component=cairo_air::components::range_check_9_9::Eval kernels=1 total_instrs=170 elapsed_ms=0 ts_ms=1783666193030
stwo JIT: compile start component=cairo_air::components::range_check_9_9::Eval kernel=stwo_jit_fused_90ffbc48bba4e133 semantic_hash=90ffbc48bba4e133 cache_key=49615d8c7e35be8c instrs=170 source_bytes=15758 rc_base=0 relax_opt=false ts_ms=1783666193030
stwo JIT: compile+launch end component=cairo_air::components::range_check_9_9::Eval kernels=1 elapsed_ms=0 ts_ms=1783666193030
stwo JIT: codegen start component=cairo_air::components::range_check_7_2_5::Eval ts_ms=1783666193030
stwo JIT: codegen end component=cairo_air::components::range_check_7_2_5::Eval kernels=1 total_instrs=37 elapsed_ms=0 ts_ms=1783666193030
stwo JIT: compile start component=cairo_air::components::range_check_7_2_5::Eval kernel=stwo_jit_fused_b6da13dc52c21465 semantic_hash=b6da13dc52c21465 cache_key=7e0b6c8348014c9a instrs=37 source_bytes=8907 rc_base=0 relax_opt=false ts_ms=1783666193030
stwo JIT: compile+launch end component=cairo_air::components::range_check_7_2_5::Eval kernels=1 elapsed_ms=0 ts_ms=1783666193030
stwo JIT: codegen start component=cairo_air::components::range_check_3_6_6_3::Eval ts_ms=1783666193030
stwo JIT: codegen end component=cairo_air::components::range_check_3_6_6_3::Eval kernels=1 total_instrs=42 elapsed_ms=0 ts_ms=1783666193030
stwo JIT: compile start component=cairo_air::components::range_check_3_6_6_3::Eval kernel=stwo_jit_fused_8bfe46e1447d7e33 semantic_hash=8bfe46e1447d7e33 cache_key=7427d3ae2749288a instrs=42 source_bytes=9157 rc_base=0 relax_opt=false ts_ms=1783666193030
stwo JIT: compile+launch end component=cairo_air::components::range_check_3_6_6_3::Eval kernels=1 elapsed_ms=0 ts_ms=1783666193030
stwo JIT: codegen start component=cairo_air::components::range_check_4_4_4_4::Eval ts_ms=1783666193030
stwo JIT: codegen end component=cairo_air::components::range_check_4_4_4_4::Eval kernels=1 total_instrs=42 elapsed_ms=0 ts_ms=1783666193030
stwo JIT: compile start component=cairo_air::components::range_check_4_4_4_4::Eval kernel=stwo_jit_fused_8bfe46e1447d7e33 semantic_hash=8bfe46e1447d7e33 cache_key=7427d3ae2749288a instrs=42 source_bytes=9157 rc_base=0 relax_opt=false ts_ms=1783666193030
stwo JIT: compile+launch end component=cairo_air::components::range_check_4_4_4_4::Eval kernels=1 elapsed_ms=0 ts_ms=1783666193030
stwo JIT: codegen start component=cairo_air::components::range_check_3_3_3_3_3::Eval ts_ms=1783666193030
stwo JIT: codegen end component=cairo_air::components::range_check_3_3_3_3_3::Eval kernels=1 total_instrs=47 elapsed_ms=0 ts_ms=1783666193030
stwo JIT: compile start component=cairo_air::components::range_check_3_3_3_3_3::Eval kernel=stwo_jit_fused_264153f324dfa389 semantic_hash=264153f324dfa389 cache_key=08e5448d4cd611c0 instrs=47 source_bytes=9407 rc_base=0 relax_opt=false ts_ms=1783666193030
stwo JIT: compile+launch end component=cairo_air::components::range_check_3_3_3_3_3::Eval kernels=1 elapsed_ms=0 ts_ms=1783666193030
stwo JIT: codegen start component=cairo_air::components::verify_bitwise_xor_4::Eval ts_ms=1783666193030
stwo JIT: codegen end component=cairo_air::components::verify_bitwise_xor_4::Eval kernels=1 total_instrs=37 elapsed_ms=0 ts_ms=1783666193030
stwo JIT: compile start component=cairo_air::components::verify_bitwise_xor_4::Eval kernel=stwo_jit_fused_b6da13dc52c21465 semantic_hash=b6da13dc52c21465 cache_key=7e0b6c8348014c9a instrs=37 source_bytes=8907 rc_base=0 relax_opt=false ts_ms=1783666193030
stwo JIT: compile+launch end component=cairo_air::components::verify_bitwise_xor_4::Eval kernels=1 elapsed_ms=0 ts_ms=1783666193030
stwo JIT: codegen start component=cairo_air::components::verify_bitwise_xor_7::Eval ts_ms=1783666193030
stwo JIT: codegen end component=cairo_air::components::verify_bitwise_xor_7::Eval kernels=1 total_instrs=37 elapsed_ms=0 ts_ms=1783666193030
stwo JIT: compile start component=cairo_air::components::verify_bitwise_xor_7::Eval kernel=stwo_jit_fused_b6da13dc52c21465 semantic_hash=b6da13dc52c21465 cache_key=7e0b6c8348014c9a instrs=37 source_bytes=8907 rc_base=0 relax_opt=false ts_ms=1783666193030
stwo JIT: compile+launch end component=cairo_air::components::verify_bitwise_xor_7::Eval kernels=1 elapsed_ms=0 ts_ms=1783666193030
stwo JIT: codegen start component=cairo_air::components::verify_bitwise_xor_8::Eval ts_ms=1783666193030
stwo JIT: codegen end component=cairo_air::components::verify_bitwise_xor_8::Eval kernels=1 total_instrs=59 elapsed_ms=0 ts_ms=1783666193030
stwo JIT: compile start component=cairo_air::components::verify_bitwise_xor_8::Eval kernel=stwo_jit_fused_ad13f4b2c221bfc7 semantic_hash=ad13f4b2c221bfc7 cache_key=2d7a146fd5a09609 instrs=59 source_bytes=9813 rc_base=0 relax_opt=false ts_ms=1783666193030
stwo JIT: compile+launch end component=cairo_air::components::verify_bitwise_xor_8::Eval kernels=1 elapsed_ms=0 ts_ms=1783666193030
stwo JIT: codegen start component=cairo_air::components::verify_bitwise_xor_9::Eval ts_ms=1783666193030
stwo JIT: codegen end component=cairo_air::components::verify_bitwise_xor_9::Eval kernels=1 total_instrs=37 elapsed_ms=0 ts_ms=1783666193030
stwo JIT: compile start component=cairo_air::components::verify_bitwise_xor_9::Eval kernel=stwo_jit_fused_b6da13dc52c21465 semantic_hash=b6da13dc52c21465 cache_key=7e0b6c8348014c9a instrs=37 source_bytes=8907 rc_base=0 relax_opt=false ts_ms=1783666193030
stwo JIT: compile+launch end component=cairo_air::components::verify_bitwise_xor_9::Eval kernels=1 elapsed_ms=0 ts_ms=1783666193030
vram_phase[stark_core]: used_high=37.92GB reserved_high=43.75GB
rep=5 prove_s=5.662
